========================================
Starting runs for dataset: m4_daily (Task ID: 8)
========================================
Running run_models.py for m4_daily...
MODELLING SERIES: TS0
MODELLING SERIES: TS1
MODELLING SERIES: TS2
MODELLING SERIES: TS3
MODELLING SERIES: TS4
MODELLING SERIES: TS5
MODELLING SERIES: TS6
MODELLING SERIES: TS7
MODELLING SERIES: TS8
MODELLING SERIES: TS9
MODELLING SERIES: TS10
MODELLING SERIES: TS11
MODELLING SERIES: TS12
MODELLING SERIES: TS13
MODELLING SERIES: TS14
MODELLING SERIES: TS15
MODELLING SERIES: TS16
MODELLING SERIES: TS17
MODELLING SERIES: TS18
MODELLING SERIES: TS19
MODELLING SERIES: TS20
MODELLING SERIES: TS21
MODELLING SERIES: TS22
MODELLING SERIES: TS23
MODELLING SERIES: TS24
MODELLING SERIES: TS25
MODELLING SERIES: TS26
MODELLING SERIES: TS27
MODELLING SERIES: TS28
MODELLING SERIES: TS29
MODELLING SERIES: TS30
MODELLING SERIES: TS31
MODELLING SERIES: TS32
MODELLING SERIES: TS33
MODELLING SERIES: TS34
MODELLING SERIES: TS35
MODELLING SERIES: TS36
MODELLING SERIES: TS37
MODELLING SERIES: TS38
MODELLING SERIES: TS39
MODELLING SERIES: TS40
MODELLING SERIES: TS41
MODELLING SERIES: TS42
MODELLING SERIES: TS43
MODELLING SERIES: TS44
MODELLING SERIES: TS45
MODELLING SERIES: TS46
MODELLING SERIES: TS47
MODELLING SERIES: TS48
MODELLING SERIES: TS49
MODELLING SERIES: TS50
MODELLING SERIES: TS51
MODELLING SERIES: TS52
MODELLING SERIES: TS53
MODELLING SERIES: TS54
MODELLING SERIES: TS55
MODELLING SERIES: TS56
MODELLING SERIES: TS57
MODELLING SERIES: TS58
MODELLING SERIES: TS59
MODELLING SERIES: TS60
MODELLING SERIES: TS61
MODELLING SERIES: TS62
MODELLING SERIES: TS63
MODELLING SERIES: TS64
MODELLING SERIES: TS65
MODELLING SERIES: TS66
MODELLING SERIES: TS67
MODELLING SERIES: TS68
MODELLING SERIES: TS69
MODELLING SERIES: TS70
MODELLING SERIES: TS71
MODELLING SERIES: TS72
MODELLING SERIES: TS73
MODELLING SERIES: TS74
MODELLING SERIES: TS75
MODELLING SERIES: TS76
MODELLING SERIES: TS77
MODELLING SERIES: TS78
MODELLING SERIES: TS79
MODELLING SERIES: TS80
MODELLING SERIES: TS81
MODELLING SERIES: TS82
MODELLING SERIES: TS83
MODELLING SERIES: TS84
MODELLING SERIES: TS85
MODELLING SERIES: TS86
MODELLING SERIES: TS87
MODELLING SERIES: TS88
MODELLING SERIES: TS89
MODELLING SERIES: TS90
MODELLING SERIES: TS91
MODELLING SERIES: TS92
MODELLING SERIES: TS93
MODELLING SERIES: TS94
MODELLING SERIES: TS95
MODELLING SERIES: TS96
MODELLING SERIES: TS97
MODELLING SERIES: TS98
MODELLING SERIES: TS99
MODELLING SERIES: TS100
MODELLING SERIES: TS101
MODELLING SERIES: TS102
MODELLING SERIES: TS103
MODELLING SERIES: TS104
MODELLING SERIES: TS105
MODELLING SERIES: TS106
MODELLING SERIES: TS107
MODELLING SERIES: TS108
MODELLING SERIES: TS109
MODELLING SERIES: TS110
MODELLING SERIES: TS111
MODELLING SERIES: TS112
MODELLING SERIES: TS113
MODELLING SERIES: TS114
MODELLING SERIES: TS115
MODELLING SERIES: TS116
MODELLING SERIES: TS117
MODELLING SERIES: TS118
MODELLING SERIES: TS119
MODELLING SERIES: TS120
MODELLING SERIES: TS121
MODELLING SERIES: TS122
MODELLING SERIES: TS123
MODELLING SERIES: TS124
MODELLING SERIES: TS125
MODELLING SERIES: TS126
MODELLING SERIES: TS127
MODELLING SERIES: TS128
MODELLING SERIES: TS129
MODELLING SERIES: TS130
MODELLING SERIES: TS131
MODELLING SERIES: TS132
MODELLING SERIES: TS133
MODELLING SERIES: TS134
MODELLING SERIES: TS135
MODELLING SERIES: TS136
MODELLING SERIES: TS137
MODELLING SERIES: TS138
MODELLING SERIES: TS139
MODELLING SERIES: TS140
MODELLING SERIES: TS141
MODELLING SERIES: TS142
MODELLING SERIES: TS143
MODELLING SERIES: TS144
MODELLING SERIES: TS145
MODELLING SERIES: TS146
MODELLING SERIES: TS147
MODELLING SERIES: TS148
MODELLING SERIES: TS149
MODELLING SERIES: TS150
MODELLING SERIES: TS151
MODELLING SERIES: TS152
MODELLING SERIES: TS153
MODELLING SERIES: TS154
MODELLING SERIES: TS155
MODELLING SERIES: TS156
MODELLING SERIES: TS157
MODELLING SERIES: TS158
MODELLING SERIES: TS159
MODELLING SERIES: TS160
MODELLING SERIES: TS161
MODELLING SERIES: TS162
MODELLING SERIES: TS163
MODELLING SERIES: TS164
MODELLING SERIES: TS165
MODELLING SERIES: TS166
MODELLING SERIES: TS167
MODELLING SERIES: TS168
MODELLING SERIES: TS169
MODELLING SERIES: TS170
MODELLING SERIES: TS171
MODELLING SERIES: TS172
MODELLING SERIES: TS173
MODELLING SERIES: TS174
MODELLING SERIES: TS175
MODELLING SERIES: TS176
MODELLING SERIES: TS177
MODELLING SERIES: TS178
MODELLING SERIES: TS179
MODELLING SERIES: TS180
MODELLING SERIES: TS181
MODELLING SERIES: TS182
MODELLING SERIES: TS183
MODELLING SERIES: TS184
MODELLING SERIES: TS185
MODELLING SERIES: TS186
MODELLING SERIES: TS187
MODELLING SERIES: TS188
MODELLING SERIES: TS189
MODELLING SERIES: TS190
MODELLING SERIES: TS191
MODELLING SERIES: TS192
MODELLING SERIES: TS193
MODELLING SERIES: TS194
MODELLING SERIES: TS195
MODELLING SERIES: TS196
MODELLING SERIES: TS197
MODELLING SERIES: TS198
MODELLING SERIES: TS199
MODELLING SERIES: TS200
MODELLING SERIES: TS201
MODELLING SERIES: TS202
MODELLING SERIES: TS203
MODELLING SERIES: TS204
MODELLING SERIES: TS205
MODELLING SERIES: TS206
MODELLING SERIES: TS207
MODELLING SERIES: TS208
MODELLING SERIES: TS209
MODELLING SERIES: TS210
MODELLING SERIES: TS211
MODELLING SERIES: TS212
MODELLING SERIES: TS213
MODELLING SERIES: TS214
MODELLING SERIES: TS215
MODELLING SERIES: TS216
MODELLING SERIES: TS217
MODELLING SERIES: TS218
MODELLING SERIES: TS219
MODELLING SERIES: TS220
MODELLING SERIES: TS221
MODELLING SERIES: TS222
MODELLING SERIES: TS223
MODELLING SERIES: TS224
MODELLING SERIES: TS225
MODELLING SERIES: TS226
MODELLING SERIES: TS227
MODELLING SERIES: TS228
MODELLING SERIES: TS229
MODELLING SERIES: TS230
MODELLING SERIES: TS231
MODELLING SERIES: TS232
MODELLING SERIES: TS233
MODELLING SERIES: TS234
MODELLING SERIES: TS235
MODELLING SERIES: TS236
MODELLING SERIES: TS237
MODELLING SERIES: TS238
MODELLING SERIES: TS239
MODELLING SERIES: TS240
MODELLING SERIES: TS241
MODELLING SERIES: TS242
MODELLING SERIES: TS243
MODELLING SERIES: TS244
MODELLING SERIES: TS245
MODELLING SERIES: TS246
MODELLING SERIES: TS247
MODELLING SERIES: TS248
MODELLING SERIES: TS249
MODELLING SERIES: TS250
MODELLING SERIES: TS251
MODELLING SERIES: TS252
MODELLING SERIES: TS253
MODELLING SERIES: TS254
MODELLING SERIES: TS255
MODELLING SERIES: TS256
MODELLING SERIES: TS257
MODELLING SERIES: TS258
MODELLING SERIES: TS259
MODELLING SERIES: TS260
MODELLING SERIES: TS261
MODELLING SERIES: TS262
MODELLING SERIES: TS263
MODELLING SERIES: TS264
MODELLING SERIES: TS265
MODELLING SERIES: TS266
MODELLING SERIES: TS267
MODELLING SERIES: TS268
MODELLING SERIES: TS269
MODELLING SERIES: TS270
MODELLING SERIES: TS271
MODELLING SERIES: TS272
MODELLING SERIES: TS273
MODELLING SERIES: TS274
MODELLING SERIES: TS275
MODELLING SERIES: TS276
MODELLING SERIES: TS277
MODELLING SERIES: TS278
MODELLING SERIES: TS279
MODELLING SERIES: TS280
MODELLING SERIES: TS281
MODELLING SERIES: TS282
MODELLING SERIES: TS283
MODELLING SERIES: TS284
MODELLING SERIES: TS285
MODELLING SERIES: TS286
MODELLING SERIES: TS287
MODELLING SERIES: TS288
MODELLING SERIES: TS289
MODELLING SERIES: TS290
MODELLING SERIES: TS291
MODELLING SERIES: TS292
MODELLING SERIES: TS293
MODELLING SERIES: TS294
MODELLING SERIES: TS295
MODELLING SERIES: TS296
MODELLING SERIES: TS297
MODELLING SERIES: TS298
MODELLING SERIES: TS299
MODELLING SERIES: TS300
MODELLING SERIES: TS301
MODELLING SERIES: TS302
MODELLING SERIES: TS303
MODELLING SERIES: TS304
MODELLING SERIES: TS305
MODELLING SERIES: TS306
MODELLING SERIES: TS307
MODELLING SERIES: TS308
MODELLING SERIES: TS309
MODELLING SERIES: TS310
MODELLING SERIES: TS311
MODELLING SERIES: TS312
MODELLING SERIES: TS313
MODELLING SERIES: TS314
MODELLING SERIES: TS315
MODELLING SERIES: TS316
MODELLING SERIES: TS317
MODELLING SERIES: TS318
MODELLING SERIES: TS319
MODELLING SERIES: TS320
MODELLING SERIES: TS321
MODELLING SERIES: TS322
MODELLING SERIES: TS323
MODELLING SERIES: TS324
MODELLING SERIES: TS325
MODELLING SERIES: TS326
MODELLING SERIES: TS327
MODELLING SERIES: TS328
MODELLING SERIES: TS329
MODELLING SERIES: TS330
MODELLING SERIES: TS331
MODELLING SERIES: TS332
MODELLING SERIES: TS333
MODELLING SERIES: TS334
MODELLING SERIES: TS335
MODELLING SERIES: TS336
MODELLING SERIES: TS337
MODELLING SERIES: TS338
MODELLING SERIES: TS339
MODELLING SERIES: TS340
MODELLING SERIES: TS341
MODELLING SERIES: TS342
MODELLING SERIES: TS343
MODELLING SERIES: TS344
MODELLING SERIES: TS345
MODELLING SERIES: TS346
MODELLING SERIES: TS347
MODELLING SERIES: TS348
MODELLING SERIES: TS349
MODELLING SERIES: TS350
MODELLING SERIES: TS351
MODELLING SERIES: TS352
MODELLING SERIES: TS353
MODELLING SERIES: TS354
MODELLING SERIES: TS355
MODELLING SERIES: TS356
MODELLING SERIES: TS357
MODELLING SERIES: TS358
MODELLING SERIES: TS359
MODELLING SERIES: TS360
MODELLING SERIES: TS361
MODELLING SERIES: TS362
MODELLING SERIES: TS363
MODELLING SERIES: TS364
MODELLING SERIES: TS365
MODELLING SERIES: TS366
MODELLING SERIES: TS367
MODELLING SERIES: TS368
MODELLING SERIES: TS369
MODELLING SERIES: TS370
MODELLING SERIES: TS371
MODELLING SERIES: TS372
MODELLING SERIES: TS373
MODELLING SERIES: TS374
MODELLING SERIES: TS375
MODELLING SERIES: TS376
MODELLING SERIES: TS377
MODELLING SERIES: TS378
MODELLING SERIES: TS379
MODELLING SERIES: TS380
MODELLING SERIES: TS381
MODELLING SERIES: TS382
MODELLING SERIES: TS383
MODELLING SERIES: TS384
MODELLING SERIES: TS385
MODELLING SERIES: TS386
MODELLING SERIES: TS387
MODELLING SERIES: TS388
MODELLING SERIES: TS389
MODELLING SERIES: TS390
MODELLING SERIES: TS391
MODELLING SERIES: TS392
MODELLING SERIES: TS393
MODELLING SERIES: TS394
MODELLING SERIES: TS395
MODELLING SERIES: TS396
MODELLING SERIES: TS397
MODELLING SERIES: TS398
MODELLING SERIES: TS399
MODELLING SERIES: TS400
MODELLING SERIES: TS401
MODELLING SERIES: TS402
MODELLING SERIES: TS403
MODELLING SERIES: TS404
MODELLING SERIES: TS405
MODELLING SERIES: TS406
MODELLING SERIES: TS407
MODELLING SERIES: TS408
MODELLING SERIES: TS409
MODELLING SERIES: TS410
MODELLING SERIES: TS411
MODELLING SERIES: TS412
MODELLING SERIES: TS413
MODELLING SERIES: TS414
MODELLING SERIES: TS415
MODELLING SERIES: TS416
MODELLING SERIES: TS417
MODELLING SERIES: TS418
MODELLING SERIES: TS419
MODELLING SERIES: TS420
MODELLING SERIES: TS421
MODELLING SERIES: TS422
MODELLING SERIES: TS423
MODELLING SERIES: TS424
MODELLING SERIES: TS425
MODELLING SERIES: TS426
MODELLING SERIES: TS427
MODELLING SERIES: TS428
MODELLING SERIES: TS429
MODELLING SERIES: TS430
MODELLING SERIES: TS431
MODELLING SERIES: TS432
MODELLING SERIES: TS433
MODELLING SERIES: TS434
MODELLING SERIES: TS435
MODELLING SERIES: TS436
MODELLING SERIES: TS437
MODELLING SERIES: TS438
MODELLING SERIES: TS439
MODELLING SERIES: TS440
MODELLING SERIES: TS441
MODELLING SERIES: TS442
MODELLING SERIES: TS443
MODELLING SERIES: TS444
MODELLING SERIES: TS445
MODELLING SERIES: TS446
MODELLING SERIES: TS447
MODELLING SERIES: TS448
MODELLING SERIES: TS449
MODELLING SERIES: TS450
MODELLING SERIES: TS451
MODELLING SERIES: TS452
MODELLING SERIES: TS453
MODELLING SERIES: TS454
MODELLING SERIES: TS455
MODELLING SERIES: TS456
MODELLING SERIES: TS457
MODELLING SERIES: TS458
MODELLING SERIES: TS459
MODELLING SERIES: TS460
MODELLING SERIES: TS461
MODELLING SERIES: TS462
MODELLING SERIES: TS463
MODELLING SERIES: TS464
MODELLING SERIES: TS465
MODELLING SERIES: TS466
MODELLING SERIES: TS467
MODELLING SERIES: TS468
MODELLING SERIES: TS469
MODELLING SERIES: TS470
MODELLING SERIES: TS471
MODELLING SERIES: TS472
MODELLING SERIES: TS473
MODELLING SERIES: TS474
MODELLING SERIES: TS475
MODELLING SERIES: TS476
MODELLING SERIES: TS477
MODELLING SERIES: TS478
MODELLING SERIES: TS479
MODELLING SERIES: TS480
MODELLING SERIES: TS481
MODELLING SERIES: TS482
MODELLING SERIES: TS483
MODELLING SERIES: TS484
MODELLING SERIES: TS485
MODELLING SERIES: TS486
MODELLING SERIES: TS487
MODELLING SERIES: TS488
MODELLING SERIES: TS489
MODELLING SERIES: TS490
MODELLING SERIES: TS491
MODELLING SERIES: TS492
MODELLING SERIES: TS493
MODELLING SERIES: TS494
MODELLING SERIES: TS495
MODELLING SERIES: TS496
MODELLING SERIES: TS497
MODELLING SERIES: TS498
MODELLING SERIES: TS499
MODELLING SERIES: TS500
MODELLING SERIES: TS501
MODELLING SERIES: TS502
MODELLING SERIES: TS503
MODELLING SERIES: TS504
MODELLING SERIES: TS505
MODELLING SERIES: TS506
MODELLING SERIES: TS507
MODELLING SERIES: TS508
MODELLING SERIES: TS509
MODELLING SERIES: TS510
MODELLING SERIES: TS511
MODELLING SERIES: TS512
MODELLING SERIES: TS513
MODELLING SERIES: TS514
MODELLING SERIES: TS515
MODELLING SERIES: TS516
MODELLING SERIES: TS517
MODELLING SERIES: TS518
MODELLING SERIES: TS519
MODELLING SERIES: TS520
MODELLING SERIES: TS521
MODELLING SERIES: TS522
MODELLING SERIES: TS523
MODELLING SERIES: TS524
MODELLING SERIES: TS525
MODELLING SERIES: TS526
MODELLING SERIES: TS527
MODELLING SERIES: TS528
MODELLING SERIES: TS529
MODELLING SERIES: TS530
MODELLING SERIES: TS531
MODELLING SERIES: TS532
MODELLING SERIES: TS533
MODELLING SERIES: TS534
MODELLING SERIES: TS535
MODELLING SERIES: TS536
MODELLING SERIES: TS537
MODELLING SERIES: TS538
MODELLING SERIES: TS539
MODELLING SERIES: TS540
MODELLING SERIES: TS541
MODELLING SERIES: TS542
MODELLING SERIES: TS543
MODELLING SERIES: TS544
MODELLING SERIES: TS545
MODELLING SERIES: TS546
MODELLING SERIES: TS547
MODELLING SERIES: TS548
MODELLING SERIES: TS549
MODELLING SERIES: TS550
MODELLING SERIES: TS551
MODELLING SERIES: TS552
MODELLING SERIES: TS553
MODELLING SERIES: TS554
MODELLING SERIES: TS555
MODELLING SERIES: TS556
MODELLING SERIES: TS557
MODELLING SERIES: TS558
MODELLING SERIES: TS559
MODELLING SERIES: TS560
MODELLING SERIES: TS561
MODELLING SERIES: TS562
MODELLING SERIES: TS563
MODELLING SERIES: TS564
MODELLING SERIES: TS565
MODELLING SERIES: TS566
MODELLING SERIES: TS567
MODELLING SERIES: TS568
MODELLING SERIES: TS569
MODELLING SERIES: TS570
MODELLING SERIES: TS571
MODELLING SERIES: TS572
MODELLING SERIES: TS573
MODELLING SERIES: TS574
MODELLING SERIES: TS575
MODELLING SERIES: TS576
MODELLING SERIES: TS577
MODELLING SERIES: TS578
MODELLING SERIES: TS579
MODELLING SERIES: TS580
MODELLING SERIES: TS581
MODELLING SERIES: TS582
MODELLING SERIES: TS583
MODELLING SERIES: TS584
MODELLING SERIES: TS585
MODELLING SERIES: TS586
MODELLING SERIES: TS587
MODELLING SERIES: TS588
MODELLING SERIES: TS589
MODELLING SERIES: TS590
MODELLING SERIES: TS591
MODELLING SERIES: TS592
MODELLING SERIES: TS593
MODELLING SERIES: TS594
MODELLING SERIES: TS595
MODELLING SERIES: TS596
MODELLING SERIES: TS597
MODELLING SERIES: TS598
MODELLING SERIES: TS599
MODELLING SERIES: TS600
MODELLING SERIES: TS601
MODELLING SERIES: TS602
MODELLING SERIES: TS603
MODELLING SERIES: TS604
MODELLING SERIES: TS605
MODELLING SERIES: TS606
MODELLING SERIES: TS607
MODELLING SERIES: TS608
MODELLING SERIES: TS609
MODELLING SERIES: TS610
MODELLING SERIES: TS611
MODELLING SERIES: TS612
MODELLING SERIES: TS613
MODELLING SERIES: TS614
MODELLING SERIES: TS615
MODELLING SERIES: TS616
MODELLING SERIES: TS617
MODELLING SERIES: TS618
MODELLING SERIES: TS619
MODELLING SERIES: TS620
MODELLING SERIES: TS621
MODELLING SERIES: TS622
MODELLING SERIES: TS623
MODELLING SERIES: TS624
MODELLING SERIES: TS625
MODELLING SERIES: TS626
MODELLING SERIES: TS627
MODELLING SERIES: TS628
MODELLING SERIES: TS629
MODELLING SERIES: TS630
MODELLING SERIES: TS631
MODELLING SERIES: TS632
MODELLING SERIES: TS633
MODELLING SERIES: TS634
MODELLING SERIES: TS635
MODELLING SERIES: TS636
MODELLING SERIES: TS637
MODELLING SERIES: TS638
MODELLING SERIES: TS639
MODELLING SERIES: TS640
MODELLING SERIES: TS641
MODELLING SERIES: TS642
MODELLING SERIES: TS643
MODELLING SERIES: TS644
MODELLING SERIES: TS645
MODELLING SERIES: TS646
MODELLING SERIES: TS647
MODELLING SERIES: TS648
MODELLING SERIES: TS649
MODELLING SERIES: TS650
MODELLING SERIES: TS651
MODELLING SERIES: TS652
MODELLING SERIES: TS653
MODELLING SERIES: TS654
MODELLING SERIES: TS655
MODELLING SERIES: TS656
MODELLING SERIES: TS657
MODELLING SERIES: TS658
MODELLING SERIES: TS659
MODELLING SERIES: TS660
MODELLING SERIES: TS661
MODELLING SERIES: TS662
MODELLING SERIES: TS663
MODELLING SERIES: TS664
MODELLING SERIES: TS665
MODELLING SERIES: TS666
MODELLING SERIES: TS667
MODELLING SERIES: TS668
MODELLING SERIES: TS669
MODELLING SERIES: TS670
MODELLING SERIES: TS671
MODELLING SERIES: TS672
MODELLING SERIES: TS673
MODELLING SERIES: TS674
MODELLING SERIES: TS675
MODELLING SERIES: TS676
MODELLING SERIES: TS677
MODELLING SERIES: TS678
MODELLING SERIES: TS679
MODELLING SERIES: TS680
MODELLING SERIES: TS681
MODELLING SERIES: TS682
MODELLING SERIES: TS683
MODELLING SERIES: TS684
MODELLING SERIES: TS685
MODELLING SERIES: TS686
MODELLING SERIES: TS687
MODELLING SERIES: TS688
MODELLING SERIES: TS689
MODELLING SERIES: TS690
MODELLING SERIES: TS691
MODELLING SERIES: TS692
MODELLING SERIES: TS693
MODELLING SERIES: TS694
MODELLING SERIES: TS695
MODELLING SERIES: TS696
MODELLING SERIES: TS697
MODELLING SERIES: TS698
MODELLING SERIES: TS699
MODELLING SERIES: TS700
MODELLING SERIES: TS701
MODELLING SERIES: TS702
MODELLING SERIES: TS703
MODELLING SERIES: TS704
MODELLING SERIES: TS705
MODELLING SERIES: TS706
MODELLING SERIES: TS707
MODELLING SERIES: TS708
MODELLING SERIES: TS709
MODELLING SERIES: TS710
MODELLING SERIES: TS711
MODELLING SERIES: TS712
MODELLING SERIES: TS713
MODELLING SERIES: TS714
MODELLING SERIES: TS715
MODELLING SERIES: TS716
MODELLING SERIES: TS717
MODELLING SERIES: TS718
MODELLING SERIES: TS719
MODELLING SERIES: TS720
MODELLING SERIES: TS721
MODELLING SERIES: TS722
MODELLING SERIES: TS723
MODELLING SERIES: TS724
MODELLING SERIES: TS725
MODELLING SERIES: TS726
MODELLING SERIES: TS727
MODELLING SERIES: TS728
MODELLING SERIES: TS729
MODELLING SERIES: TS730
MODELLING SERIES: TS731
MODELLING SERIES: TS732
MODELLING SERIES: TS733
MODELLING SERIES: TS734
MODELLING SERIES: TS735
MODELLING SERIES: TS736
MODELLING SERIES: TS737
MODELLING SERIES: TS738
MODELLING SERIES: TS739
MODELLING SERIES: TS740
MODELLING SERIES: TS741
MODELLING SERIES: TS742
MODELLING SERIES: TS743
MODELLING SERIES: TS744
MODELLING SERIES: TS745
MODELLING SERIES: TS746
MODELLING SERIES: TS747
MODELLING SERIES: TS748
MODELLING SERIES: TS749
MODELLING SERIES: TS750
MODELLING SERIES: TS751
MODELLING SERIES: TS752
MODELLING SERIES: TS753
MODELLING SERIES: TS754
MODELLING SERIES: TS755
MODELLING SERIES: TS756
MODELLING SERIES: TS757
MODELLING SERIES: TS758
MODELLING SERIES: TS759
MODELLING SERIES: TS760
MODELLING SERIES: TS761
MODELLING SERIES: TS762
MODELLING SERIES: TS763
MODELLING SERIES: TS764
MODELLING SERIES: TS765
MODELLING SERIES: TS766
MODELLING SERIES: TS767
MODELLING SERIES: TS768
MODELLING SERIES: TS769
MODELLING SERIES: TS770
MODELLING SERIES: TS771
MODELLING SERIES: TS772
MODELLING SERIES: TS773
MODELLING SERIES: TS774
MODELLING SERIES: TS775
MODELLING SERIES: TS776
MODELLING SERIES: TS777
MODELLING SERIES: TS778
MODELLING SERIES: TS779
MODELLING SERIES: TS780
MODELLING SERIES: TS781
MODELLING SERIES: TS782
MODELLING SERIES: TS783
MODELLING SERIES: TS784
MODELLING SERIES: TS785
MODELLING SERIES: TS786
MODELLING SERIES: TS787
MODELLING SERIES: TS788
MODELLING SERIES: TS789
MODELLING SERIES: TS790
MODELLING SERIES: TS791
MODELLING SERIES: TS792
MODELLING SERIES: TS793
MODELLING SERIES: TS794
MODELLING SERIES: TS795
MODELLING SERIES: TS796
MODELLING SERIES: TS797
MODELLING SERIES: TS798
MODELLING SERIES: TS799
MODELLING SERIES: TS800
MODELLING SERIES: TS801
MODELLING SERIES: TS802
MODELLING SERIES: TS803
MODELLING SERIES: TS804
MODELLING SERIES: TS805
MODELLING SERIES: TS806
MODELLING SERIES: TS807
MODELLING SERIES: TS808
MODELLING SERIES: TS809
MODELLING SERIES: TS810
MODELLING SERIES: TS811
MODELLING SERIES: TS812
MODELLING SERIES: TS813
MODELLING SERIES: TS814
MODELLING SERIES: TS815
MODELLING SERIES: TS816
MODELLING SERIES: TS817
MODELLING SERIES: TS818
MODELLING SERIES: TS819
MODELLING SERIES: TS820
MODELLING SERIES: TS821
MODELLING SERIES: TS822
MODELLING SERIES: TS823
MODELLING SERIES: TS824
MODELLING SERIES: TS825
MODELLING SERIES: TS826
MODELLING SERIES: TS827
MODELLING SERIES: TS828
MODELLING SERIES: TS829
MODELLING SERIES: TS830
MODELLING SERIES: TS831
MODELLING SERIES: TS832
MODELLING SERIES: TS833
MODELLING SERIES: TS834
MODELLING SERIES: TS835
MODELLING SERIES: TS836
MODELLING SERIES: TS837
MODELLING SERIES: TS838
MODELLING SERIES: TS839
MODELLING SERIES: TS840
MODELLING SERIES: TS841
MODELLING SERIES: TS842
MODELLING SERIES: TS843
MODELLING SERIES: TS844
MODELLING SERIES: TS845
MODELLING SERIES: TS846
MODELLING SERIES: TS847
MODELLING SERIES: TS848
MODELLING SERIES: TS849
MODELLING SERIES: TS850
MODELLING SERIES: TS851
MODELLING SERIES: TS852
MODELLING SERIES: TS853
MODELLING SERIES: TS854
MODELLING SERIES: TS855
MODELLING SERIES: TS856
MODELLING SERIES: TS857
MODELLING SERIES: TS858
MODELLING SERIES: TS859
MODELLING SERIES: TS860
MODELLING SERIES: TS861
MODELLING SERIES: TS862
MODELLING SERIES: TS863
MODELLING SERIES: TS864
MODELLING SERIES: TS865
MODELLING SERIES: TS866
MODELLING SERIES: TS867
MODELLING SERIES: TS868
MODELLING SERIES: TS869
MODELLING SERIES: TS870
MODELLING SERIES: TS871
MODELLING SERIES: TS872
MODELLING SERIES: TS873
MODELLING SERIES: TS874
MODELLING SERIES: TS875
MODELLING SERIES: TS876
MODELLING SERIES: TS877
MODELLING SERIES: TS878
MODELLING SERIES: TS879
MODELLING SERIES: TS880
MODELLING SERIES: TS881
MODELLING SERIES: TS882
MODELLING SERIES: TS883
MODELLING SERIES: TS884
MODELLING SERIES: TS885
MODELLING SERIES: TS886
MODELLING SERIES: TS887
MODELLING SERIES: TS888
MODELLING SERIES: TS889
MODELLING SERIES: TS890
MODELLING SERIES: TS891
MODELLING SERIES: TS892
MODELLING SERIES: TS893
MODELLING SERIES: TS894
MODELLING SERIES: TS895
MODELLING SERIES: TS896
MODELLING SERIES: TS897
MODELLING SERIES: TS898
MODELLING SERIES: TS899
MODELLING SERIES: TS900
MODELLING SERIES: TS901
MODELLING SERIES: TS902
MODELLING SERIES: TS903
MODELLING SERIES: TS904
MODELLING SERIES: TS905
MODELLING SERIES: TS906
MODELLING SERIES: TS907
MODELLING SERIES: TS908
MODELLING SERIES: TS909
MODELLING SERIES: TS910
MODELLING SERIES: TS911
MODELLING SERIES: TS912
MODELLING SERIES: TS913
MODELLING SERIES: TS914
MODELLING SERIES: TS915
MODELLING SERIES: TS916
MODELLING SERIES: TS917
MODELLING SERIES: TS918
MODELLING SERIES: TS919
MODELLING SERIES: TS920
MODELLING SERIES: TS921
MODELLING SERIES: TS922
MODELLING SERIES: TS923
MODELLING SERIES: TS924
MODELLING SERIES: TS925
MODELLING SERIES: TS926
MODELLING SERIES: TS927
MODELLING SERIES: TS928
MODELLING SERIES: TS929
MODELLING SERIES: TS930
MODELLING SERIES: TS931
MODELLING SERIES: TS932
MODELLING SERIES: TS933
MODELLING SERIES: TS934
MODELLING SERIES: TS935
MODELLING SERIES: TS936
MODELLING SERIES: TS937
MODELLING SERIES: TS938
MODELLING SERIES: TS939
MODELLING SERIES: TS940
MODELLING SERIES: TS941
MODELLING SERIES: TS942
MODELLING SERIES: TS943
MODELLING SERIES: TS944
MODELLING SERIES: TS945
MODELLING SERIES: TS946
MODELLING SERIES: TS947
MODELLING SERIES: TS948
MODELLING SERIES: TS949
MODELLING SERIES: TS950
MODELLING SERIES: TS951
MODELLING SERIES: TS952
MODELLING SERIES: TS953
MODELLING SERIES: TS954
MODELLING SERIES: TS955
MODELLING SERIES: TS956
MODELLING SERIES: TS957
MODELLING SERIES: TS958
MODELLING SERIES: TS959
MODELLING SERIES: TS960
MODELLING SERIES: TS961
MODELLING SERIES: TS962
MODELLING SERIES: TS963
MODELLING SERIES: TS964
MODELLING SERIES: TS965
MODELLING SERIES: TS966
MODELLING SERIES: TS967
MODELLING SERIES: TS968
MODELLING SERIES: TS969
MODELLING SERIES: TS970
MODELLING SERIES: TS971
MODELLING SERIES: TS972
MODELLING SERIES: TS973
MODELLING SERIES: TS974
MODELLING SERIES: TS975
MODELLING SERIES: TS976
MODELLING SERIES: TS977
MODELLING SERIES: TS978
MODELLING SERIES: TS979
MODELLING SERIES: TS980
MODELLING SERIES: TS981
MODELLING SERIES: TS982
MODELLING SERIES: TS983
MODELLING SERIES: TS984
MODELLING SERIES: TS985
MODELLING SERIES: TS986
MODELLING SERIES: TS987
MODELLING SERIES: TS988
MODELLING SERIES: TS989
MODELLING SERIES: TS990
MODELLING SERIES: TS991
MODELLING SERIES: TS992
MODELLING SERIES: TS993
MODELLING SERIES: TS994
MODELLING SERIES: TS995
MODELLING SERIES: TS996
MODELLING SERIES: TS997
MODELLING SERIES: TS998
MODELLING SERIES: TS999
MODELLING SERIES: TS1000
MODELLING SERIES: TS1001
MODELLING SERIES: TS1002
MODELLING SERIES: TS1003
MODELLING SERIES: TS1004
MODELLING SERIES: TS1005
MODELLING SERIES: TS1006
MODELLING SERIES: TS1007
MODELLING SERIES: TS1008
MODELLING SERIES: TS1009
MODELLING SERIES: TS1010
MODELLING SERIES: TS1011
MODELLING SERIES: TS1012
MODELLING SERIES: TS1013
MODELLING SERIES: TS1014
MODELLING SERIES: TS1015
MODELLING SERIES: TS1016
MODELLING SERIES: TS1017
MODELLING SERIES: TS1018
MODELLING SERIES: TS1019
MODELLING SERIES: TS1020
MODELLING SERIES: TS1021
MODELLING SERIES: TS1022
MODELLING SERIES: TS1023
MODELLING SERIES: TS1024
MODELLING SERIES: TS1025
MODELLING SERIES: TS1026
MODELLING SERIES: TS1027
MODELLING SERIES: TS1028
MODELLING SERIES: TS1029
MODELLING SERIES: TS1030
MODELLING SERIES: TS1031
MODELLING SERIES: TS1032
MODELLING SERIES: TS1033
MODELLING SERIES: TS1034
MODELLING SERIES: TS1035
MODELLING SERIES: TS1036
MODELLING SERIES: TS1037
MODELLING SERIES: TS1038
MODELLING SERIES: TS1039
MODELLING SERIES: TS1040
MODELLING SERIES: TS1041
MODELLING SERIES: TS1042
MODELLING SERIES: TS1043
MODELLING SERIES: TS1044
MODELLING SERIES: TS1045
MODELLING SERIES: TS1046
MODELLING SERIES: TS1047
MODELLING SERIES: TS1048
MODELLING SERIES: TS1049
MODELLING SERIES: TS1050
MODELLING SERIES: TS1051
MODELLING SERIES: TS1052
MODELLING SERIES: TS1053
MODELLING SERIES: TS1054
MODELLING SERIES: TS1055
MODELLING SERIES: TS1056
MODELLING SERIES: TS1057
MODELLING SERIES: TS1058
MODELLING SERIES: TS1059
MODELLING SERIES: TS1060
MODELLING SERIES: TS1061
MODELLING SERIES: TS1062
MODELLING SERIES: TS1063
MODELLING SERIES: TS1064
MODELLING SERIES: TS1065
MODELLING SERIES: TS1066
MODELLING SERIES: TS1067
MODELLING SERIES: TS1068
MODELLING SERIES: TS1069
MODELLING SERIES: TS1070
MODELLING SERIES: TS1071
MODELLING SERIES: TS1072
MODELLING SERIES: TS1073
MODELLING SERIES: TS1074
MODELLING SERIES: TS1075
MODELLING SERIES: TS1076
MODELLING SERIES: TS1077
MODELLING SERIES: TS1078
MODELLING SERIES: TS1079
MODELLING SERIES: TS1080
MODELLING SERIES: TS1081
MODELLING SERIES: TS1082
MODELLING SERIES: TS1083
MODELLING SERIES: TS1084
MODELLING SERIES: TS1085
MODELLING SERIES: TS1086
MODELLING SERIES: TS1087
MODELLING SERIES: TS1088
MODELLING SERIES: TS1089
MODELLING SERIES: TS1090
MODELLING SERIES: TS1091
MODELLING SERIES: TS1092
MODELLING SERIES: TS1093
MODELLING SERIES: TS1094
MODELLING SERIES: TS1095
MODELLING SERIES: TS1096
MODELLING SERIES: TS1097
MODELLING SERIES: TS1098
MODELLING SERIES: TS1099
MODELLING SERIES: TS1100
MODELLING SERIES: TS1101
MODELLING SERIES: TS1102
MODELLING SERIES: TS1103
MODELLING SERIES: TS1104
MODELLING SERIES: TS1105
MODELLING SERIES: TS1106
MODELLING SERIES: TS1107
MODELLING SERIES: TS1108
MODELLING SERIES: TS1109
MODELLING SERIES: TS1110
MODELLING SERIES: TS1111
MODELLING SERIES: TS1112
MODELLING SERIES: TS1113
MODELLING SERIES: TS1114
MODELLING SERIES: TS1115
MODELLING SERIES: TS1116
MODELLING SERIES: TS1117
MODELLING SERIES: TS1118
MODELLING SERIES: TS1119
MODELLING SERIES: TS1120
MODELLING SERIES: TS1121
MODELLING SERIES: TS1122
MODELLING SERIES: TS1123
MODELLING SERIES: TS1124
MODELLING SERIES: TS1125
MODELLING SERIES: TS1126
MODELLING SERIES: TS1127
MODELLING SERIES: TS1128
MODELLING SERIES: TS1129
MODELLING SERIES: TS1130
MODELLING SERIES: TS1131
MODELLING SERIES: TS1132
MODELLING SERIES: TS1133
MODELLING SERIES: TS1134
MODELLING SERIES: TS1135
MODELLING SERIES: TS1136
MODELLING SERIES: TS1137
MODELLING SERIES: TS1138
MODELLING SERIES: TS1139
MODELLING SERIES: TS1140
MODELLING SERIES: TS1141
MODELLING SERIES: TS1142
MODELLING SERIES: TS1143
MODELLING SERIES: TS1144
MODELLING SERIES: TS1145
MODELLING SERIES: TS1146
MODELLING SERIES: TS1147
MODELLING SERIES: TS1148
MODELLING SERIES: TS1149
MODELLING SERIES: TS1150
MODELLING SERIES: TS1151
MODELLING SERIES: TS1152
MODELLING SERIES: TS1153
MODELLING SERIES: TS1154
MODELLING SERIES: TS1155
MODELLING SERIES: TS1156
MODELLING SERIES: TS1157
MODELLING SERIES: TS1158
MODELLING SERIES: TS1159
MODELLING SERIES: TS1160
MODELLING SERIES: TS1161
MODELLING SERIES: TS1162
MODELLING SERIES: TS1163
MODELLING SERIES: TS1164
MODELLING SERIES: TS1165
MODELLING SERIES: TS1166
MODELLING SERIES: TS1167
MODELLING SERIES: TS1168
MODELLING SERIES: TS1169
MODELLING SERIES: TS1170
MODELLING SERIES: TS1171
MODELLING SERIES: TS1172
MODELLING SERIES: TS1173
MODELLING SERIES: TS1174
MODELLING SERIES: TS1175
MODELLING SERIES: TS1176
MODELLING SERIES: TS1177
MODELLING SERIES: TS1178
MODELLING SERIES: TS1179
MODELLING SERIES: TS1180
MODELLING SERIES: TS1181
MODELLING SERIES: TS1182
MODELLING SERIES: TS1183
MODELLING SERIES: TS1184
MODELLING SERIES: TS1185
MODELLING SERIES: TS1186
MODELLING SERIES: TS1187
MODELLING SERIES: TS1188
MODELLING SERIES: TS1189
MODELLING SERIES: TS1190
MODELLING SERIES: TS1191
MODELLING SERIES: TS1192
MODELLING SERIES: TS1193
MODELLING SERIES: TS1194
MODELLING SERIES: TS1195
MODELLING SERIES: TS1196
MODELLING SERIES: TS1197
MODELLING SERIES: TS1198
MODELLING SERIES: TS1199
MODELLING SERIES: TS1200
MODELLING SERIES: TS1201
MODELLING SERIES: TS1202
MODELLING SERIES: TS1203
MODELLING SERIES: TS1204
MODELLING SERIES: TS1205
MODELLING SERIES: TS1206
MODELLING SERIES: TS1207
MODELLING SERIES: TS1208
MODELLING SERIES: TS1209
MODELLING SERIES: TS1210
MODELLING SERIES: TS1211
MODELLING SERIES: TS1212
MODELLING SERIES: TS1213
MODELLING SERIES: TS1214
MODELLING SERIES: TS1215
MODELLING SERIES: TS1216
MODELLING SERIES: TS1217
MODELLING SERIES: TS1218
MODELLING SERIES: TS1219
MODELLING SERIES: TS1220
MODELLING SERIES: TS1221
MODELLING SERIES: TS1222
MODELLING SERIES: TS1223
MODELLING SERIES: TS1224
MODELLING SERIES: TS1225
MODELLING SERIES: TS1226
MODELLING SERIES: TS1227
MODELLING SERIES: TS1228
MODELLING SERIES: TS1229
MODELLING SERIES: TS1230
MODELLING SERIES: TS1231
MODELLING SERIES: TS1232
MODELLING SERIES: TS1233
MODELLING SERIES: TS1234
MODELLING SERIES: TS1235
MODELLING SERIES: TS1236
MODELLING SERIES: TS1237
MODELLING SERIES: TS1238
MODELLING SERIES: TS1239
MODELLING SERIES: TS1240
MODELLING SERIES: TS1241
MODELLING SERIES: TS1242
MODELLING SERIES: TS1243
MODELLING SERIES: TS1244
MODELLING SERIES: TS1245
MODELLING SERIES: TS1246
MODELLING SERIES: TS1247
MODELLING SERIES: TS1248
MODELLING SERIES: TS1249
MODELLING SERIES: TS1250
MODELLING SERIES: TS1251
MODELLING SERIES: TS1252
MODELLING SERIES: TS1253
MODELLING SERIES: TS1254
MODELLING SERIES: TS1255
MODELLING SERIES: TS1256
MODELLING SERIES: TS1257
MODELLING SERIES: TS1258
MODELLING SERIES: TS1259
MODELLING SERIES: TS1260
MODELLING SERIES: TS1261
MODELLING SERIES: TS1262
MODELLING SERIES: TS1263
MODELLING SERIES: TS1264
MODELLING SERIES: TS1265
MODELLING SERIES: TS1266
MODELLING SERIES: TS1267
MODELLING SERIES: TS1268
MODELLING SERIES: TS1269
MODELLING SERIES: TS1270
MODELLING SERIES: TS1271
MODELLING SERIES: TS1272
MODELLING SERIES: TS1273
MODELLING SERIES: TS1274
MODELLING SERIES: TS1275
MODELLING SERIES: TS1276
MODELLING SERIES: TS1277
MODELLING SERIES: TS1278
MODELLING SERIES: TS1279
MODELLING SERIES: TS1280
MODELLING SERIES: TS1281
MODELLING SERIES: TS1282
MODELLING SERIES: TS1283
MODELLING SERIES: TS1284
MODELLING SERIES: TS1285
MODELLING SERIES: TS1286
MODELLING SERIES: TS1287
MODELLING SERIES: TS1288
MODELLING SERIES: TS1289
MODELLING SERIES: TS1290
MODELLING SERIES: TS1291
MODELLING SERIES: TS1292
MODELLING SERIES: TS1293
MODELLING SERIES: TS1294
MODELLING SERIES: TS1295
MODELLING SERIES: TS1296
MODELLING SERIES: TS1297
MODELLING SERIES: TS1298
MODELLING SERIES: TS1299
MODELLING SERIES: TS1300
MODELLING SERIES: TS1301
MODELLING SERIES: TS1302
MODELLING SERIES: TS1303
MODELLING SERIES: TS1304
MODELLING SERIES: TS1305
MODELLING SERIES: TS1306
MODELLING SERIES: TS1307
MODELLING SERIES: TS1308
MODELLING SERIES: TS1309
MODELLING SERIES: TS1310
MODELLING SERIES: TS1311
MODELLING SERIES: TS1312
MODELLING SERIES: TS1313
MODELLING SERIES: TS1314
MODELLING SERIES: TS1315
MODELLING SERIES: TS1316
MODELLING SERIES: TS1317
MODELLING SERIES: TS1318
MODELLING SERIES: TS1319
MODELLING SERIES: TS1320
MODELLING SERIES: TS1321
MODELLING SERIES: TS1322
MODELLING SERIES: TS1323
MODELLING SERIES: TS1324
MODELLING SERIES: TS1325
MODELLING SERIES: TS1326
MODELLING SERIES: TS1327
MODELLING SERIES: TS1328
MODELLING SERIES: TS1329
MODELLING SERIES: TS1330
MODELLING SERIES: TS1331
MODELLING SERIES: TS1332
MODELLING SERIES: TS1333
MODELLING SERIES: TS1334
MODELLING SERIES: TS1335
MODELLING SERIES: TS1336
MODELLING SERIES: TS1337
MODELLING SERIES: TS1338
MODELLING SERIES: TS1339
MODELLING SERIES: TS1340
MODELLING SERIES: TS1341
MODELLING SERIES: TS1342
MODELLING SERIES: TS1343
MODELLING SERIES: TS1344
MODELLING SERIES: TS1345
MODELLING SERIES: TS1346
MODELLING SERIES: TS1347
MODELLING SERIES: TS1348
MODELLING SERIES: TS1349
MODELLING SERIES: TS1350
MODELLING SERIES: TS1351
MODELLING SERIES: TS1352
MODELLING SERIES: TS1353
MODELLING SERIES: TS1354
MODELLING SERIES: TS1355
MODELLING SERIES: TS1356
MODELLING SERIES: TS1357
MODELLING SERIES: TS1358
MODELLING SERIES: TS1359
MODELLING SERIES: TS1360
MODELLING SERIES: TS1361
MODELLING SERIES: TS1362
MODELLING SERIES: TS1363
MODELLING SERIES: TS1364
MODELLING SERIES: TS1365
MODELLING SERIES: TS1366
MODELLING SERIES: TS1367
MODELLING SERIES: TS1368
MODELLING SERIES: TS1369
MODELLING SERIES: TS1370
MODELLING SERIES: TS1371
MODELLING SERIES: TS1372
MODELLING SERIES: TS1373
MODELLING SERIES: TS1374
MODELLING SERIES: TS1375
MODELLING SERIES: TS1376
MODELLING SERIES: TS1377
MODELLING SERIES: TS1378
MODELLING SERIES: TS1379
MODELLING SERIES: TS1380
MODELLING SERIES: TS1381
MODELLING SERIES: TS1382
MODELLING SERIES: TS1383
MODELLING SERIES: TS1384
MODELLING SERIES: TS1385
MODELLING SERIES: TS1386
MODELLING SERIES: TS1387
MODELLING SERIES: TS1388
MODELLING SERIES: TS1389
MODELLING SERIES: TS1390
MODELLING SERIES: TS1391
MODELLING SERIES: TS1392
MODELLING SERIES: TS1393
MODELLING SERIES: TS1394
MODELLING SERIES: TS1395
MODELLING SERIES: TS1396
MODELLING SERIES: TS1397
MODELLING SERIES: TS1398
MODELLING SERIES: TS1399
MODELLING SERIES: TS1400
MODELLING SERIES: TS1401
MODELLING SERIES: TS1402
MODELLING SERIES: TS1403
MODELLING SERIES: TS1404
MODELLING SERIES: TS1405
MODELLING SERIES: TS1406
MODELLING SERIES: TS1407
MODELLING SERIES: TS1408
MODELLING SERIES: TS1409
MODELLING SERIES: TS1410
MODELLING SERIES: TS1411
MODELLING SERIES: TS1412
MODELLING SERIES: TS1413
MODELLING SERIES: TS1414
MODELLING SERIES: TS1415
MODELLING SERIES: TS1416
MODELLING SERIES: TS1417
MODELLING SERIES: TS1418
MODELLING SERIES: TS1419
MODELLING SERIES: TS1420
MODELLING SERIES: TS1421
MODELLING SERIES: TS1422
MODELLING SERIES: TS1423
MODELLING SERIES: TS1424
MODELLING SERIES: TS1425
MODELLING SERIES: TS1426
MODELLING SERIES: TS1427
MODELLING SERIES: TS1428
MODELLING SERIES: TS1429
MODELLING SERIES: TS1430
MODELLING SERIES: TS1431
MODELLING SERIES: TS1432
MODELLING SERIES: TS1433
MODELLING SERIES: TS1434
MODELLING SERIES: TS1435
MODELLING SERIES: TS1436
MODELLING SERIES: TS1437
MODELLING SERIES: TS1438
MODELLING SERIES: TS1439
MODELLING SERIES: TS1440
MODELLING SERIES: TS1441
MODELLING SERIES: TS1442
MODELLING SERIES: TS1443
MODELLING SERIES: TS1444
MODELLING SERIES: TS1445
MODELLING SERIES: TS1446
MODELLING SERIES: TS1447
MODELLING SERIES: TS1448
MODELLING SERIES: TS1449
MODELLING SERIES: TS1450
MODELLING SERIES: TS1451
MODELLING SERIES: TS1452
MODELLING SERIES: TS1453
MODELLING SERIES: TS1454
MODELLING SERIES: TS1455
MODELLING SERIES: TS1456
MODELLING SERIES: TS1457
MODELLING SERIES: TS1458
MODELLING SERIES: TS1459
MODELLING SERIES: TS1460
MODELLING SERIES: TS1461
MODELLING SERIES: TS1462
MODELLING SERIES: TS1463
MODELLING SERIES: TS1464
MODELLING SERIES: TS1465
MODELLING SERIES: TS1466
MODELLING SERIES: TS1467
MODELLING SERIES: TS1468
MODELLING SERIES: TS1469
MODELLING SERIES: TS1470
MODELLING SERIES: TS1471
MODELLING SERIES: TS1472
MODELLING SERIES: TS1473
MODELLING SERIES: TS1474
MODELLING SERIES: TS1475
MODELLING SERIES: TS1476
MODELLING SERIES: TS1477
MODELLING SERIES: TS1478
MODELLING SERIES: TS1479
MODELLING SERIES: TS1480
MODELLING SERIES: TS1481
MODELLING SERIES: TS1482
MODELLING SERIES: TS1483
MODELLING SERIES: TS1484
MODELLING SERIES: TS1485
MODELLING SERIES: TS1486
MODELLING SERIES: TS1487
MODELLING SERIES: TS1488
MODELLING SERIES: TS1489
MODELLING SERIES: TS1490
MODELLING SERIES: TS1491
MODELLING SERIES: TS1492
MODELLING SERIES: TS1493
MODELLING SERIES: TS1494
MODELLING SERIES: TS1495
MODELLING SERIES: TS1496
MODELLING SERIES: TS1497
MODELLING SERIES: TS1498
MODELLING SERIES: TS1499
MODELLING SERIES: TS1500
MODELLING SERIES: TS1501
MODELLING SERIES: TS1502
MODELLING SERIES: TS1503
MODELLING SERIES: TS1504
MODELLING SERIES: TS1505
MODELLING SERIES: TS1506
MODELLING SERIES: TS1507
MODELLING SERIES: TS1508
MODELLING SERIES: TS1509
MODELLING SERIES: TS1510
MODELLING SERIES: TS1511
MODELLING SERIES: TS1512
MODELLING SERIES: TS1513
MODELLING SERIES: TS1514
MODELLING SERIES: TS1515
MODELLING SERIES: TS1516
MODELLING SERIES: TS1517
MODELLING SERIES: TS1518
MODELLING SERIES: TS1519
MODELLING SERIES: TS1520
MODELLING SERIES: TS1521
MODELLING SERIES: TS1522
MODELLING SERIES: TS1523
MODELLING SERIES: TS1524
MODELLING SERIES: TS1525
MODELLING SERIES: TS1526
MODELLING SERIES: TS1527
MODELLING SERIES: TS1528
MODELLING SERIES: TS1529
MODELLING SERIES: TS1530
MODELLING SERIES: TS1531
MODELLING SERIES: TS1532
MODELLING SERIES: TS1533
MODELLING SERIES: TS1534
MODELLING SERIES: TS1535
MODELLING SERIES: TS1536
MODELLING SERIES: TS1537
MODELLING SERIES: TS1538
MODELLING SERIES: TS1539
MODELLING SERIES: TS1540
MODELLING SERIES: TS1541
MODELLING SERIES: TS1542
MODELLING SERIES: TS1543
MODELLING SERIES: TS1544
MODELLING SERIES: TS1545
MODELLING SERIES: TS1546
MODELLING SERIES: TS1547
MODELLING SERIES: TS1548
MODELLING SERIES: TS1549
MODELLING SERIES: TS1550
MODELLING SERIES: TS1551
MODELLING SERIES: TS1552
MODELLING SERIES: TS1553
MODELLING SERIES: TS1554
MODELLING SERIES: TS1555
MODELLING SERIES: TS1556
MODELLING SERIES: TS1557
MODELLING SERIES: TS1558
MODELLING SERIES: TS1559
MODELLING SERIES: TS1560
MODELLING SERIES: TS1561
MODELLING SERIES: TS1562
MODELLING SERIES: TS1563
MODELLING SERIES: TS1564
MODELLING SERIES: TS1565
MODELLING SERIES: TS1566
MODELLING SERIES: TS1567
MODELLING SERIES: TS1568
MODELLING SERIES: TS1569
MODELLING SERIES: TS1570
MODELLING SERIES: TS1571
MODELLING SERIES: TS1572
MODELLING SERIES: TS1573
MODELLING SERIES: TS1574
MODELLING SERIES: TS1575
MODELLING SERIES: TS1576
MODELLING SERIES: TS1577
MODELLING SERIES: TS1578
MODELLING SERIES: TS1579
MODELLING SERIES: TS1580
MODELLING SERIES: TS1581
MODELLING SERIES: TS1582
MODELLING SERIES: TS1583
MODELLING SERIES: TS1584
MODELLING SERIES: TS1585
MODELLING SERIES: TS1586
MODELLING SERIES: TS1587
MODELLING SERIES: TS1588
MODELLING SERIES: TS1589
MODELLING SERIES: TS1590
MODELLING SERIES: TS1591
MODELLING SERIES: TS1592
MODELLING SERIES: TS1593
MODELLING SERIES: TS1594
MODELLING SERIES: TS1595
MODELLING SERIES: TS1596
MODELLING SERIES: TS1597
MODELLING SERIES: TS1598
MODELLING SERIES: TS1599
MODELLING SERIES: TS1600
MODELLING SERIES: TS1601
MODELLING SERIES: TS1602
MODELLING SERIES: TS1603
MODELLING SERIES: TS1604
MODELLING SERIES: TS1605
MODELLING SERIES: TS1606
MODELLING SERIES: TS1607
MODELLING SERIES: TS1608
MODELLING SERIES: TS1609
MODELLING SERIES: TS1610
MODELLING SERIES: TS1611
MODELLING SERIES: TS1612
MODELLING SERIES: TS1613
MODELLING SERIES: TS1614
MODELLING SERIES: TS1615
MODELLING SERIES: TS1616
MODELLING SERIES: TS1617
MODELLING SERIES: TS1618
MODELLING SERIES: TS1619
MODELLING SERIES: TS1620
MODELLING SERIES: TS1621
MODELLING SERIES: TS1622
MODELLING SERIES: TS1623
MODELLING SERIES: TS1624
MODELLING SERIES: TS1625
MODELLING SERIES: TS1626
MODELLING SERIES: TS1627
MODELLING SERIES: TS1628
MODELLING SERIES: TS1629
MODELLING SERIES: TS1630
MODELLING SERIES: TS1631
MODELLING SERIES: TS1632
MODELLING SERIES: TS1633
MODELLING SERIES: TS1634
MODELLING SERIES: TS1635
MODELLING SERIES: TS1636
MODELLING SERIES: TS1637
MODELLING SERIES: TS1638
MODELLING SERIES: TS1639
MODELLING SERIES: TS1640
MODELLING SERIES: TS1641
MODELLING SERIES: TS1642
MODELLING SERIES: TS1643
MODELLING SERIES: TS1644
MODELLING SERIES: TS1645
MODELLING SERIES: TS1646
MODELLING SERIES: TS1647
MODELLING SERIES: TS1648
MODELLING SERIES: TS1649
MODELLING SERIES: TS1650
MODELLING SERIES: TS1651
MODELLING SERIES: TS1652
MODELLING SERIES: TS1653
MODELLING SERIES: TS1654
MODELLING SERIES: TS1655
MODELLING SERIES: TS1656
MODELLING SERIES: TS1657
MODELLING SERIES: TS1658
MODELLING SERIES: TS1659
MODELLING SERIES: TS1660
MODELLING SERIES: TS1661
MODELLING SERIES: TS1662
MODELLING SERIES: TS1663
MODELLING SERIES: TS1664
MODELLING SERIES: TS1665
MODELLING SERIES: TS1666
MODELLING SERIES: TS1667
MODELLING SERIES: TS1668
MODELLING SERIES: TS1669
MODELLING SERIES: TS1670
MODELLING SERIES: TS1671
MODELLING SERIES: TS1672
MODELLING SERIES: TS1673
MODELLING SERIES: TS1674
MODELLING SERIES: TS1675
MODELLING SERIES: TS1676
MODELLING SERIES: TS1677
MODELLING SERIES: TS1678
MODELLING SERIES: TS1679
MODELLING SERIES: TS1680
MODELLING SERIES: TS1681
MODELLING SERIES: TS1682
MODELLING SERIES: TS1683
MODELLING SERIES: TS1684
MODELLING SERIES: TS1685
MODELLING SERIES: TS1686
MODELLING SERIES: TS1687
MODELLING SERIES: TS1688
MODELLING SERIES: TS1689
MODELLING SERIES: TS1690
MODELLING SERIES: TS1691
MODELLING SERIES: TS1692
MODELLING SERIES: TS1693
MODELLING SERIES: TS1694
MODELLING SERIES: TS1695
MODELLING SERIES: TS1696
MODELLING SERIES: TS1697
MODELLING SERIES: TS1698
MODELLING SERIES: TS1699
MODELLING SERIES: TS1700
MODELLING SERIES: TS1701
MODELLING SERIES: TS1702
MODELLING SERIES: TS1703
MODELLING SERIES: TS1704
MODELLING SERIES: TS1705
MODELLING SERIES: TS1706
MODELLING SERIES: TS1707
MODELLING SERIES: TS1708
MODELLING SERIES: TS1709
MODELLING SERIES: TS1710
MODELLING SERIES: TS1711
MODELLING SERIES: TS1712
MODELLING SERIES: TS1713
MODELLING SERIES: TS1714
MODELLING SERIES: TS1715
MODELLING SERIES: TS1716
MODELLING SERIES: TS1717
MODELLING SERIES: TS1718
MODELLING SERIES: TS1719
MODELLING SERIES: TS1720
MODELLING SERIES: TS1721
MODELLING SERIES: TS1722
MODELLING SERIES: TS1723
MODELLING SERIES: TS1724
MODELLING SERIES: TS1725
MODELLING SERIES: TS1726
MODELLING SERIES: TS1727
MODELLING SERIES: TS1728
MODELLING SERIES: TS1729
MODELLING SERIES: TS1730
MODELLING SERIES: TS1731
MODELLING SERIES: TS1732
MODELLING SERIES: TS1733
MODELLING SERIES: TS1734
MODELLING SERIES: TS1735
MODELLING SERIES: TS1736
MODELLING SERIES: TS1737
MODELLING SERIES: TS1738
MODELLING SERIES: TS1739
MODELLING SERIES: TS1740
MODELLING SERIES: TS1741
MODELLING SERIES: TS1742
MODELLING SERIES: TS1743
MODELLING SERIES: TS1744
MODELLING SERIES: TS1745
MODELLING SERIES: TS1746
MODELLING SERIES: TS1747
MODELLING SERIES: TS1748
MODELLING SERIES: TS1749
MODELLING SERIES: TS1750
MODELLING SERIES: TS1751
MODELLING SERIES: TS1752
MODELLING SERIES: TS1753
MODELLING SERIES: TS1754
MODELLING SERIES: TS1755
MODELLING SERIES: TS1756
MODELLING SERIES: TS1757
MODELLING SERIES: TS1758
MODELLING SERIES: TS1759
MODELLING SERIES: TS1760
MODELLING SERIES: TS1761
MODELLING SERIES: TS1762
MODELLING SERIES: TS1763
MODELLING SERIES: TS1764
MODELLING SERIES: TS1765
MODELLING SERIES: TS1766
MODELLING SERIES: TS1767
MODELLING SERIES: TS1768
MODELLING SERIES: TS1769
MODELLING SERIES: TS1770
MODELLING SERIES: TS1771
MODELLING SERIES: TS1772
MODELLING SERIES: TS1773
MODELLING SERIES: TS1774
MODELLING SERIES: TS1775
MODELLING SERIES: TS1776
MODELLING SERIES: TS1777
MODELLING SERIES: TS1778
MODELLING SERIES: TS1779
MODELLING SERIES: TS1780
MODELLING SERIES: TS1781
MODELLING SERIES: TS1782
MODELLING SERIES: TS1783
MODELLING SERIES: TS1784
MODELLING SERIES: TS1785
MODELLING SERIES: TS1786
MODELLING SERIES: TS1787
MODELLING SERIES: TS1788
MODELLING SERIES: TS1789
MODELLING SERIES: TS1790
MODELLING SERIES: TS1791
MODELLING SERIES: TS1792
MODELLING SERIES: TS1793
MODELLING SERIES: TS1794
MODELLING SERIES: TS1795
MODELLING SERIES: TS1796
MODELLING SERIES: TS1797
MODELLING SERIES: TS1798
MODELLING SERIES: TS1799
MODELLING SERIES: TS1800
MODELLING SERIES: TS1801
MODELLING SERIES: TS1802
MODELLING SERIES: TS1803
MODELLING SERIES: TS1804
MODELLING SERIES: TS1805
MODELLING SERIES: TS1806
MODELLING SERIES: TS1807
MODELLING SERIES: TS1808
MODELLING SERIES: TS1809
MODELLING SERIES: TS1810
MODELLING SERIES: TS1811
MODELLING SERIES: TS1812
MODELLING SERIES: TS1813
MODELLING SERIES: TS1814
MODELLING SERIES: TS1815
MODELLING SERIES: TS1816
MODELLING SERIES: TS1817
MODELLING SERIES: TS1818
MODELLING SERIES: TS1819
MODELLING SERIES: TS1820
MODELLING SERIES: TS1821
MODELLING SERIES: TS1822
MODELLING SERIES: TS1823
MODELLING SERIES: TS1824
MODELLING SERIES: TS1825
MODELLING SERIES: TS1826
MODELLING SERIES: TS1827
MODELLING SERIES: TS1828
MODELLING SERIES: TS1829
MODELLING SERIES: TS1830
MODELLING SERIES: TS1831
MODELLING SERIES: TS1832
MODELLING SERIES: TS1833
MODELLING SERIES: TS1834
MODELLING SERIES: TS1835
MODELLING SERIES: TS1836
MODELLING SERIES: TS1837
MODELLING SERIES: TS1838
MODELLING SERIES: TS1839
MODELLING SERIES: TS1840
MODELLING SERIES: TS1841
MODELLING SERIES: TS1842
MODELLING SERIES: TS1843
MODELLING SERIES: TS1844
MODELLING SERIES: TS1845
MODELLING SERIES: TS1846
MODELLING SERIES: TS1847
MODELLING SERIES: TS1848
MODELLING SERIES: TS1849
MODELLING SERIES: TS1850
MODELLING SERIES: TS1851
MODELLING SERIES: TS1852
MODELLING SERIES: TS1853
MODELLING SERIES: TS1854
MODELLING SERIES: TS1855
MODELLING SERIES: TS1856
MODELLING SERIES: TS1857
MODELLING SERIES: TS1858
MODELLING SERIES: TS1859
MODELLING SERIES: TS1860
MODELLING SERIES: TS1861
MODELLING SERIES: TS1862
MODELLING SERIES: TS1863
MODELLING SERIES: TS1864
MODELLING SERIES: TS1865
MODELLING SERIES: TS1866
MODELLING SERIES: TS1867
MODELLING SERIES: TS1868
MODELLING SERIES: TS1869
MODELLING SERIES: TS1870
MODELLING SERIES: TS1871
MODELLING SERIES: TS1872
MODELLING SERIES: TS1873
MODELLING SERIES: TS1874
MODELLING SERIES: TS1875
MODELLING SERIES: TS1876
MODELLING SERIES: TS1877
MODELLING SERIES: TS1878
MODELLING SERIES: TS1879
MODELLING SERIES: TS1880
MODELLING SERIES: TS1881
MODELLING SERIES: TS1882
MODELLING SERIES: TS1883
MODELLING SERIES: TS1884
MODELLING SERIES: TS1885
MODELLING SERIES: TS1886
MODELLING SERIES: TS1887
MODELLING SERIES: TS1888
MODELLING SERIES: TS1889
MODELLING SERIES: TS1890
MODELLING SERIES: TS1891
MODELLING SERIES: TS1892
MODELLING SERIES: TS1893
MODELLING SERIES: TS1894
MODELLING SERIES: TS1895
MODELLING SERIES: TS1896
MODELLING SERIES: TS1897
MODELLING SERIES: TS1898
MODELLING SERIES: TS1899
MODELLING SERIES: TS1900
MODELLING SERIES: TS1901
MODELLING SERIES: TS1902
MODELLING SERIES: TS1903
MODELLING SERIES: TS1904
MODELLING SERIES: TS1905
MODELLING SERIES: TS1906
MODELLING SERIES: TS1907
MODELLING SERIES: TS1908
MODELLING SERIES: TS1909
MODELLING SERIES: TS1910
MODELLING SERIES: TS1911
MODELLING SERIES: TS1912
MODELLING SERIES: TS1913
MODELLING SERIES: TS1914
MODELLING SERIES: TS1915
MODELLING SERIES: TS1916
MODELLING SERIES: TS1917
MODELLING SERIES: TS1918
MODELLING SERIES: TS1919
MODELLING SERIES: TS1920
MODELLING SERIES: TS1921
MODELLING SERIES: TS1922
MODELLING SERIES: TS1923
MODELLING SERIES: TS1924
MODELLING SERIES: TS1925
MODELLING SERIES: TS1926
MODELLING SERIES: TS1927
MODELLING SERIES: TS1928
MODELLING SERIES: TS1929
MODELLING SERIES: TS1930
MODELLING SERIES: TS1931
MODELLING SERIES: TS1932
MODELLING SERIES: TS1933
MODELLING SERIES: TS1934
MODELLING SERIES: TS1935
MODELLING SERIES: TS1936
MODELLING SERIES: TS1937
MODELLING SERIES: TS1938
MODELLING SERIES: TS1939
MODELLING SERIES: TS1940
MODELLING SERIES: TS1941
MODELLING SERIES: TS1942
MODELLING SERIES: TS1943
MODELLING SERIES: TS1944
MODELLING SERIES: TS1945
MODELLING SERIES: TS1946
MODELLING SERIES: TS1947
MODELLING SERIES: TS1948
MODELLING SERIES: TS1949
MODELLING SERIES: TS1950
MODELLING SERIES: TS1951
MODELLING SERIES: TS1952
MODELLING SERIES: TS1953
MODELLING SERIES: TS1954
MODELLING SERIES: TS1955
MODELLING SERIES: TS1956
MODELLING SERIES: TS1957
MODELLING SERIES: TS1958
MODELLING SERIES: TS1959
MODELLING SERIES: TS1960
MODELLING SERIES: TS1961
MODELLING SERIES: TS1962
MODELLING SERIES: TS1963
MODELLING SERIES: TS1964
MODELLING SERIES: TS1965
MODELLING SERIES: TS1966
MODELLING SERIES: TS1967
MODELLING SERIES: TS1968
MODELLING SERIES: TS1969
MODELLING SERIES: TS1970
MODELLING SERIES: TS1971
MODELLING SERIES: TS1972
MODELLING SERIES: TS1973
MODELLING SERIES: TS1974
MODELLING SERIES: TS1975
MODELLING SERIES: TS1976
MODELLING SERIES: TS1977
MODELLING SERIES: TS1978
MODELLING SERIES: TS1979
MODELLING SERIES: TS1980
MODELLING SERIES: TS1981
MODELLING SERIES: TS1982
MODELLING SERIES: TS1983
MODELLING SERIES: TS1984
MODELLING SERIES: TS1985
MODELLING SERIES: TS1986
MODELLING SERIES: TS1987
MODELLING SERIES: TS1988
MODELLING SERIES: TS1989
MODELLING SERIES: TS1990
MODELLING SERIES: TS1991
MODELLING SERIES: TS1992
MODELLING SERIES: TS1993
MODELLING SERIES: TS1994
MODELLING SERIES: TS1995
MODELLING SERIES: TS1996
MODELLING SERIES: TS1997
MODELLING SERIES: TS1998
MODELLING SERIES: TS1999
MODELLING SERIES: TS2000
MODELLING SERIES: TS2001
MODELLING SERIES: TS2002
MODELLING SERIES: TS2003
MODELLING SERIES: TS2004
MODELLING SERIES: TS2005
MODELLING SERIES: TS2006
MODELLING SERIES: TS2007
MODELLING SERIES: TS2008
MODELLING SERIES: TS2009
MODELLING SERIES: TS2010
MODELLING SERIES: TS2011
MODELLING SERIES: TS2012
MODELLING SERIES: TS2013
MODELLING SERIES: TS2014
MODELLING SERIES: TS2015
MODELLING SERIES: TS2016
MODELLING SERIES: TS2017
MODELLING SERIES: TS2018
MODELLING SERIES: TS2019
MODELLING SERIES: TS2020
MODELLING SERIES: TS2021
MODELLING SERIES: TS2022
MODELLING SERIES: TS2023
MODELLING SERIES: TS2024
MODELLING SERIES: TS2025
MODELLING SERIES: TS2026
MODELLING SERIES: TS2027
MODELLING SERIES: TS2028
MODELLING SERIES: TS2029
MODELLING SERIES: TS2030
MODELLING SERIES: TS2031
MODELLING SERIES: TS2032
MODELLING SERIES: TS2033
MODELLING SERIES: TS2034
MODELLING SERIES: TS2035
MODELLING SERIES: TS2036
MODELLING SERIES: TS2037
MODELLING SERIES: TS2038
MODELLING SERIES: TS2039
MODELLING SERIES: TS2040
MODELLING SERIES: TS2041
MODELLING SERIES: TS2042
MODELLING SERIES: TS2043
MODELLING SERIES: TS2044
MODELLING SERIES: TS2045
MODELLING SERIES: TS2046
Global
Local
TSER(SMOTE)
TSER(ADASYN)
TSER(BSMOTE)
TSER(NM)
Global           3.218875
Local            4.304653
TSER(SMOTE)      3.383259
TSER(ADASYN)     3.397256
TSER(BSMOTE)     3.333247
TSER(NM)         3.936778
Horizon         12.500000
dtype: float64
MODELLING SERIES: TS2047
MODELLING SERIES: TS2048
MODELLING SERIES: TS2049
MODELLING SERIES: TS2050
MODELLING SERIES: TS2051
MODELLING SERIES: TS2052
MODELLING SERIES: TS2053
MODELLING SERIES: TS2054
MODELLING SERIES: TS2055
MODELLING SERIES: TS2056
MODELLING SERIES: TS2057
MODELLING SERIES: TS2058
MODELLING SERIES: TS2059
MODELLING SERIES: TS2060
MODELLING SERIES: TS2061
MODELLING SERIES: TS2062
MODELLING SERIES: TS2063
MODELLING SERIES: TS2064
MODELLING SERIES: TS2065
MODELLING SERIES: TS2066
MODELLING SERIES: TS2067
MODELLING SERIES: TS2068
MODELLING SERIES: TS2069
MODELLING SERIES: TS2070
MODELLING SERIES: TS2071
MODELLING SERIES: TS2072
MODELLING SERIES: TS2073
MODELLING SERIES: TS2074
MODELLING SERIES: TS2075
MODELLING SERIES: TS2076
MODELLING SERIES: TS2077
MODELLING SERIES: TS2078
MODELLING SERIES: TS2079
MODELLING SERIES: TS2080
MODELLING SERIES: TS2081
MODELLING SERIES: TS2082
MODELLING SERIES: TS2083
MODELLING SERIES: TS2084
MODELLING SERIES: TS2085
MODELLING SERIES: TS2086
MODELLING SERIES: TS2087
MODELLING SERIES: TS2088
MODELLING SERIES: TS2089
MODELLING SERIES: TS2090
MODELLING SERIES: TS2091
MODELLING SERIES: TS2092
MODELLING SERIES: TS2093
MODELLING SERIES: TS2094
MODELLING SERIES: TS2095
MODELLING SERIES: TS2096
MODELLING SERIES: TS2097
MODELLING SERIES: TS2098
MODELLING SERIES: TS2099
MODELLING SERIES: TS2100
MODELLING SERIES: TS2101
MODELLING SERIES: TS2102
MODELLING SERIES: TS2103
MODELLING SERIES: TS2104
MODELLING SERIES: TS2105
MODELLING SERIES: TS2106
MODELLING SERIES: TS2107
MODELLING SERIES: TS2108
MODELLING SERIES: TS2109
MODELLING SERIES: TS2110
MODELLING SERIES: TS2111
MODELLING SERIES: TS2112
MODELLING SERIES: TS2113
MODELLING SERIES: TS2114
MODELLING SERIES: TS2115
MODELLING SERIES: TS2116
MODELLING SERIES: TS2117
MODELLING SERIES: TS2118
MODELLING SERIES: TS2119
MODELLING SERIES: TS2120
MODELLING SERIES: TS2121
MODELLING SERIES: TS2122
MODELLING SERIES: TS2123
MODELLING SERIES: TS2124
MODELLING SERIES: TS2125
MODELLING SERIES: TS2126
MODELLING SERIES: TS2127
MODELLING SERIES: TS2128
MODELLING SERIES: TS2129
MODELLING SERIES: TS2130
MODELLING SERIES: TS2131
MODELLING SERIES: TS2132
MODELLING SERIES: TS2133
MODELLING SERIES: TS2134
MODELLING SERIES: TS2135
MODELLING SERIES: TS2136
MODELLING SERIES: TS2137
MODELLING SERIES: TS2138
MODELLING SERIES: TS2139
MODELLING SERIES: TS2140
MODELLING SERIES: TS2141
MODELLING SERIES: TS2142
MODELLING SERIES: TS2143
MODELLING SERIES: TS2144
MODELLING SERIES: TS2145
MODELLING SERIES: TS2146
MODELLING SERIES: TS2147
MODELLING SERIES: TS2148
MODELLING SERIES: TS2149
MODELLING SERIES: TS2150
MODELLING SERIES: TS2151
MODELLING SERIES: TS2152
MODELLING SERIES: TS2153
MODELLING SERIES: TS2154
MODELLING SERIES: TS2155
MODELLING SERIES: TS2156
MODELLING SERIES: TS2157
MODELLING SERIES: TS2158
MODELLING SERIES: TS2159
MODELLING SERIES: TS2160
MODELLING SERIES: TS2161
MODELLING SERIES: TS2162
MODELLING SERIES: TS2163
MODELLING SERIES: TS2164
MODELLING SERIES: TS2165
MODELLING SERIES: TS2166
MODELLING SERIES: TS2167
MODELLING SERIES: TS2168
MODELLING SERIES: TS2169
MODELLING SERIES: TS2170
MODELLING SERIES: TS2171
MODELLING SERIES: TS2172
MODELLING SERIES: TS2173
MODELLING SERIES: TS2174
MODELLING SERIES: TS2175
MODELLING SERIES: TS2176
MODELLING SERIES: TS2177
MODELLING SERIES: TS2178
MODELLING SERIES: TS2179
MODELLING SERIES: TS2180
MODELLING SERIES: TS2181
MODELLING SERIES: TS2182
MODELLING SERIES: TS2183
MODELLING SERIES: TS2184
MODELLING SERIES: TS2185
MODELLING SERIES: TS2186
MODELLING SERIES: TS2187
MODELLING SERIES: TS2188
MODELLING SERIES: TS2189
MODELLING SERIES: TS2190
MODELLING SERIES: TS2191
MODELLING SERIES: TS2192
MODELLING SERIES: TS2193
Global
Local
TSER(SMOTE)
TSER(ADASYN)
TSER(BSMOTE)
TSER(NM)
Global            689.810235
Local           34714.953862
TSER(SMOTE)       680.530426
TSER(ADASYN)      688.694418
TSER(BSMOTE)      688.802458
TSER(NM)        44452.727722
Horizon            12.500000
dtype: float64
MODELLING SERIES: TS2194
MODELLING SERIES: TS2195
MODELLING SERIES: TS2196
MODELLING SERIES: TS2197
MODELLING SERIES: TS2198
MODELLING SERIES: TS2199
MODELLING SERIES: TS2200
MODELLING SERIES: TS2201
MODELLING SERIES: TS2202
MODELLING SERIES: TS2203
MODELLING SERIES: TS2204
MODELLING SERIES: TS2205
MODELLING SERIES: TS2206
MODELLING SERIES: TS2207
MODELLING SERIES: TS2208
MODELLING SERIES: TS2209
MODELLING SERIES: TS2210
MODELLING SERIES: TS2211
MODELLING SERIES: TS2212
MODELLING SERIES: TS2213
MODELLING SERIES: TS2214
MODELLING SERIES: TS2215
MODELLING SERIES: TS2216
MODELLING SERIES: TS2217
MODELLING SERIES: TS2218
MODELLING SERIES: TS2219
MODELLING SERIES: TS2220
MODELLING SERIES: TS2221
MODELLING SERIES: TS2222
MODELLING SERIES: TS2223
MODELLING SERIES: TS2224
MODELLING SERIES: TS2225
MODELLING SERIES: TS2226
MODELLING SERIES: TS2227
MODELLING SERIES: TS2228
MODELLING SERIES: TS2229
MODELLING SERIES: TS2230
MODELLING SERIES: TS2231
MODELLING SERIES: TS2232
MODELLING SERIES: TS2233
MODELLING SERIES: TS2234
MODELLING SERIES: TS2235
MODELLING SERIES: TS2236
MODELLING SERIES: TS2237
MODELLING SERIES: TS2238
MODELLING SERIES: TS2239
MODELLING SERIES: TS2240
MODELLING SERIES: TS2241
MODELLING SERIES: TS2242
MODELLING SERIES: TS2243
MODELLING SERIES: TS2244
MODELLING SERIES: TS2245
MODELLING SERIES: TS2246
MODELLING SERIES: TS2247
MODELLING SERIES: TS2248
MODELLING SERIES: TS2249
MODELLING SERIES: TS2250
MODELLING SERIES: TS2251
MODELLING SERIES: TS2252
MODELLING SERIES: TS2253
MODELLING SERIES: TS2254
MODELLING SERIES: TS2255
MODELLING SERIES: TS2256
MODELLING SERIES: TS2257
MODELLING SERIES: TS2258
MODELLING SERIES: TS2259
MODELLING SERIES: TS2260
MODELLING SERIES: TS2261
MODELLING SERIES: TS2262
MODELLING SERIES: TS2263
MODELLING SERIES: TS2264
MODELLING SERIES: TS2265
MODELLING SERIES: TS2266
MODELLING SERIES: TS2267
MODELLING SERIES: TS2268
MODELLING SERIES: TS2269
MODELLING SERIES: TS2270
MODELLING SERIES: TS2271
MODELLING SERIES: TS2272
MODELLING SERIES: TS2273
MODELLING SERIES: TS2274
MODELLING SERIES: TS2275
MODELLING SERIES: TS2276
MODELLING SERIES: TS2277
MODELLING SERIES: TS2278
MODELLING SERIES: TS2279
MODELLING SERIES: TS2280
MODELLING SERIES: TS2281
MODELLING SERIES: TS2282
MODELLING SERIES: TS2283
MODELLING SERIES: TS2284
MODELLING SERIES: TS2285
MODELLING SERIES: TS2286
MODELLING SERIES: TS2287
MODELLING SERIES: TS2288
MODELLING SERIES: TS2289
MODELLING SERIES: TS2290
MODELLING SERIES: TS2291
MODELLING SERIES: TS2292
MODELLING SERIES: TS2293
MODELLING SERIES: TS2294
MODELLING SERIES: TS2295
MODELLING SERIES: TS2296
MODELLING SERIES: TS2297
MODELLING SERIES: TS2298
MODELLING SERIES: TS2299
MODELLING SERIES: TS2300
MODELLING SERIES: TS2301
MODELLING SERIES: TS2302
MODELLING SERIES: TS2303
MODELLING SERIES: TS2304
MODELLING SERIES: TS2305
MODELLING SERIES: TS2306
MODELLING SERIES: TS2307
MODELLING SERIES: TS2308
MODELLING SERIES: TS2309
MODELLING SERIES: TS2310
MODELLING SERIES: TS2311
MODELLING SERIES: TS2312
MODELLING SERIES: TS2313
MODELLING SERIES: TS2314
MODELLING SERIES: TS2315
MODELLING SERIES: TS2316
MODELLING SERIES: TS2317
MODELLING SERIES: TS2318
MODELLING SERIES: TS2319
MODELLING SERIES: TS2320
MODELLING SERIES: TS2321
MODELLING SERIES: TS2322
MODELLING SERIES: TS2323
MODELLING SERIES: TS2324
MODELLING SERIES: TS2325
MODELLING SERIES: TS2326
MODELLING SERIES: TS2327
MODELLING SERIES: TS2328
MODELLING SERIES: TS2329
MODELLING SERIES: TS2330
MODELLING SERIES: TS2331
MODELLING SERIES: TS2332
MODELLING SERIES: TS2333
MODELLING SERIES: TS2334
MODELLING SERIES: TS2335
MODELLING SERIES: TS2336
MODELLING SERIES: TS2337
MODELLING SERIES: TS2338
MODELLING SERIES: TS2339
MODELLING SERIES: TS2340
MODELLING SERIES: TS2341
MODELLING SERIES: TS2342
MODELLING SERIES: TS2343
MODELLING SERIES: TS2344
MODELLING SERIES: TS2345
MODELLING SERIES: TS2346
MODELLING SERIES: TS2347
MODELLING SERIES: TS2348
MODELLING SERIES: TS2349
MODELLING SERIES: TS2350
MODELLING SERIES: TS2351
MODELLING SERIES: TS2352
MODELLING SERIES: TS2353
MODELLING SERIES: TS2354
MODELLING SERIES: TS2355
MODELLING SERIES: TS2356
MODELLING SERIES: TS2357
MODELLING SERIES: TS2358
MODELLING SERIES: TS2359
MODELLING SERIES: TS2360
MODELLING SERIES: TS2361
MODELLING SERIES: TS2362
MODELLING SERIES: TS2363
MODELLING SERIES: TS2364
MODELLING SERIES: TS2365
MODELLING SERIES: TS2366
MODELLING SERIES: TS2367
MODELLING SERIES: TS2368
MODELLING SERIES: TS2369
MODELLING SERIES: TS2370
MODELLING SERIES: TS2371
MODELLING SERIES: TS2372
MODELLING SERIES: TS2373
MODELLING SERIES: TS2374
MODELLING SERIES: TS2375
MODELLING SERIES: TS2376
MODELLING SERIES: TS2377
MODELLING SERIES: TS2378
MODELLING SERIES: TS2379
MODELLING SERIES: TS2380
MODELLING SERIES: TS2381
MODELLING SERIES: TS2382
MODELLING SERIES: TS2383
MODELLING SERIES: TS2384
MODELLING SERIES: TS2385
MODELLING SERIES: TS2386
MODELLING SERIES: TS2387
MODELLING SERIES: TS2388
MODELLING SERIES: TS2389
MODELLING SERIES: TS2390
MODELLING SERIES: TS2391
MODELLING SERIES: TS2392
MODELLING SERIES: TS2393
MODELLING SERIES: TS2394
MODELLING SERIES: TS2395
MODELLING SERIES: TS2396
MODELLING SERIES: TS2397
MODELLING SERIES: TS2398
MODELLING SERIES: TS2399
MODELLING SERIES: TS2400
MODELLING SERIES: TS2401
MODELLING SERIES: TS2402
MODELLING SERIES: TS2403
MODELLING SERIES: TS2404
MODELLING SERIES: TS2405
MODELLING SERIES: TS2406
MODELLING SERIES: TS2407
MODELLING SERIES: TS2408
MODELLING SERIES: TS2409
MODELLING SERIES: TS2410
MODELLING SERIES: TS2411
MODELLING SERIES: TS2412
MODELLING SERIES: TS2413
MODELLING SERIES: TS2414
MODELLING SERIES: TS2415
MODELLING SERIES: TS2416
MODELLING SERIES: TS2417
MODELLING SERIES: TS2418
MODELLING SERIES: TS2419
MODELLING SERIES: TS2420
MODELLING SERIES: TS2421
MODELLING SERIES: TS2422
MODELLING SERIES: TS2423
MODELLING SERIES: TS2424
MODELLING SERIES: TS2425
MODELLING SERIES: TS2426
MODELLING SERIES: TS2427
MODELLING SERIES: TS2428
MODELLING SERIES: TS2429
MODELLING SERIES: TS2430
MODELLING SERIES: TS2431
MODELLING SERIES: TS2432
MODELLING SERIES: TS2433
MODELLING SERIES: TS2434
MODELLING SERIES: TS2435
MODELLING SERIES: TS2436
MODELLING SERIES: TS2437
MODELLING SERIES: TS2438
MODELLING SERIES: TS2439
MODELLING SERIES: TS2440
MODELLING SERIES: TS2441
MODELLING SERIES: TS2442
MODELLING SERIES: TS2443
MODELLING SERIES: TS2444
MODELLING SERIES: TS2445
MODELLING SERIES: TS2446
MODELLING SERIES: TS2447
MODELLING SERIES: TS2448
MODELLING SERIES: TS2449
MODELLING SERIES: TS2450
MODELLING SERIES: TS2451
MODELLING SERIES: TS2452
MODELLING SERIES: TS2453
MODELLING SERIES: TS2454
MODELLING SERIES: TS2455
MODELLING SERIES: TS2456
MODELLING SERIES: TS2457
MODELLING SERIES: TS2458
MODELLING SERIES: TS2459
MODELLING SERIES: TS2460
MODELLING SERIES: TS2461
MODELLING SERIES: TS2462
MODELLING SERIES: TS2463
MODELLING SERIES: TS2464
MODELLING SERIES: TS2465
MODELLING SERIES: TS2466
MODELLING SERIES: TS2467
MODELLING SERIES: TS2468
MODELLING SERIES: TS2469
MODELLING SERIES: TS2470
MODELLING SERIES: TS2471
MODELLING SERIES: TS2472
MODELLING SERIES: TS2473
MODELLING SERIES: TS2474
MODELLING SERIES: TS2475
MODELLING SERIES: TS2476
MODELLING SERIES: TS2477
MODELLING SERIES: TS2478
MODELLING SERIES: TS2479
MODELLING SERIES: TS2480
MODELLING SERIES: TS2481
MODELLING SERIES: TS2482
MODELLING SERIES: TS2483
MODELLING SERIES: TS2484
MODELLING SERIES: TS2485
MODELLING SERIES: TS2486
MODELLING SERIES: TS2487
MODELLING SERIES: TS2488
MODELLING SERIES: TS2489
MODELLING SERIES: TS2490
MODELLING SERIES: TS2491
MODELLING SERIES: TS2492
MODELLING SERIES: TS2493
MODELLING SERIES: TS2494
MODELLING SERIES: TS2495
MODELLING SERIES: TS2496
MODELLING SERIES: TS2497
MODELLING SERIES: TS2498
MODELLING SERIES: TS2499
MODELLING SERIES: TS2500
MODELLING SERIES: TS2501
MODELLING SERIES: TS2502
MODELLING SERIES: TS2503
MODELLING SERIES: TS2504
MODELLING SERIES: TS2505
MODELLING SERIES: TS2506
MODELLING SERIES: TS2507
MODELLING SERIES: TS2508
MODELLING SERIES: TS2509
MODELLING SERIES: TS2510
MODELLING SERIES: TS2511
MODELLING SERIES: TS2512
MODELLING SERIES: TS2513
MODELLING SERIES: TS2514
MODELLING SERIES: TS2515
MODELLING SERIES: TS2516
MODELLING SERIES: TS2517
MODELLING SERIES: TS2518
MODELLING SERIES: TS2519
MODELLING SERIES: TS2520
MODELLING SERIES: TS2521
MODELLING SERIES: TS2522
MODELLING SERIES: TS2523
MODELLING SERIES: TS2524
MODELLING SERIES: TS2525
MODELLING SERIES: TS2526
MODELLING SERIES: TS2527
MODELLING SERIES: TS2528
MODELLING SERIES: TS2529
MODELLING SERIES: TS2530
MODELLING SERIES: TS2531
MODELLING SERIES: TS2532
MODELLING SERIES: TS2533
MODELLING SERIES: TS2534
MODELLING SERIES: TS2535
MODELLING SERIES: TS2536
MODELLING SERIES: TS2537
MODELLING SERIES: TS2538
MODELLING SERIES: TS2539
MODELLING SERIES: TS2540
MODELLING SERIES: TS2541
MODELLING SERIES: TS2542
MODELLING SERIES: TS2543
MODELLING SERIES: TS2544
MODELLING SERIES: TS2545
MODELLING SERIES: TS2546
MODELLING SERIES: TS2547
MODELLING SERIES: TS2548
MODELLING SERIES: TS2549
MODELLING SERIES: TS2550
MODELLING SERIES: TS2551
MODELLING SERIES: TS2552
MODELLING SERIES: TS2553
MODELLING SERIES: TS2554
MODELLING SERIES: TS2555
MODELLING SERIES: TS2556
MODELLING SERIES: TS2557
MODELLING SERIES: TS2558
MODELLING SERIES: TS2559
MODELLING SERIES: TS2560
MODELLING SERIES: TS2561
MODELLING SERIES: TS2562
MODELLING SERIES: TS2563
MODELLING SERIES: TS2564
MODELLING SERIES: TS2565
MODELLING SERIES: TS2566
MODELLING SERIES: TS2567
MODELLING SERIES: TS2568
MODELLING SERIES: TS2569
MODELLING SERIES: TS2570
MODELLING SERIES: TS2571
MODELLING SERIES: TS2572
MODELLING SERIES: TS2573
MODELLING SERIES: TS2574
MODELLING SERIES: TS2575
MODELLING SERIES: TS2576
MODELLING SERIES: TS2577
MODELLING SERIES: TS2578
MODELLING SERIES: TS2579
MODELLING SERIES: TS2580
MODELLING SERIES: TS2581
MODELLING SERIES: TS2582
MODELLING SERIES: TS2583
MODELLING SERIES: TS2584
MODELLING SERIES: TS2585
MODELLING SERIES: TS2586
MODELLING SERIES: TS2587
MODELLING SERIES: TS2588
MODELLING SERIES: TS2589
MODELLING SERIES: TS2590
MODELLING SERIES: TS2591
MODELLING SERIES: TS2592
MODELLING SERIES: TS2593
MODELLING SERIES: TS2594
MODELLING SERIES: TS2595
MODELLING SERIES: TS2596
MODELLING SERIES: TS2597
MODELLING SERIES: TS2598
MODELLING SERIES: TS2599
MODELLING SERIES: TS2600
MODELLING SERIES: TS2601
MODELLING SERIES: TS2602
MODELLING SERIES: TS2603
MODELLING SERIES: TS2604
MODELLING SERIES: TS2605
MODELLING SERIES: TS2606
MODELLING SERIES: TS2607
MODELLING SERIES: TS2608
MODELLING SERIES: TS2609
MODELLING SERIES: TS2610
MODELLING SERIES: TS2611
MODELLING SERIES: TS2612
MODELLING SERIES: TS2613
MODELLING SERIES: TS2614
MODELLING SERIES: TS2615
MODELLING SERIES: TS2616
MODELLING SERIES: TS2617
MODELLING SERIES: TS2618
MODELLING SERIES: TS2619
MODELLING SERIES: TS2620
MODELLING SERIES: TS2621
MODELLING SERIES: TS2622
MODELLING SERIES: TS2623
MODELLING SERIES: TS2624
MODELLING SERIES: TS2625
MODELLING SERIES: TS2626
MODELLING SERIES: TS2627
MODELLING SERIES: TS2628
MODELLING SERIES: TS2629
MODELLING SERIES: TS2630
MODELLING SERIES: TS2631
MODELLING SERIES: TS2632
MODELLING SERIES: TS2633
MODELLING SERIES: TS2634
MODELLING SERIES: TS2635
MODELLING SERIES: TS2636
MODELLING SERIES: TS2637
MODELLING SERIES: TS2638
MODELLING SERIES: TS2639
MODELLING SERIES: TS2640
MODELLING SERIES: TS2641
MODELLING SERIES: TS2642
MODELLING SERIES: TS2643
MODELLING SERIES: TS2644
MODELLING SERIES: TS2645
MODELLING SERIES: TS2646
MODELLING SERIES: TS2647
MODELLING SERIES: TS2648
MODELLING SERIES: TS2649
MODELLING SERIES: TS2650
MODELLING SERIES: TS2651
MODELLING SERIES: TS2652
MODELLING SERIES: TS2653
MODELLING SERIES: TS2654
MODELLING SERIES: TS2655
MODELLING SERIES: TS2656
MODELLING SERIES: TS2657
MODELLING SERIES: TS2658
MODELLING SERIES: TS2659
MODELLING SERIES: TS2660
MODELLING SERIES: TS2661
MODELLING SERIES: TS2662
MODELLING SERIES: TS2663
MODELLING SERIES: TS2664
MODELLING SERIES: TS2665
MODELLING SERIES: TS2666
MODELLING SERIES: TS2667
MODELLING SERIES: TS2668
MODELLING SERIES: TS2669
MODELLING SERIES: TS2670
MODELLING SERIES: TS2671
MODELLING SERIES: TS2672
MODELLING SERIES: TS2673
MODELLING SERIES: TS2674
MODELLING SERIES: TS2675
MODELLING SERIES: TS2676
MODELLING SERIES: TS2677
MODELLING SERIES: TS2678
MODELLING SERIES: TS2679
MODELLING SERIES: TS2680
MODELLING SERIES: TS2681
MODELLING SERIES: TS2682
MODELLING SERIES: TS2683
MODELLING SERIES: TS2684
MODELLING SERIES: TS2685
MODELLING SERIES: TS2686
MODELLING SERIES: TS2687
MODELLING SERIES: TS2688
MODELLING SERIES: TS2689
MODELLING SERIES: TS2690
MODELLING SERIES: TS2691
MODELLING SERIES: TS2692
MODELLING SERIES: TS2693
MODELLING SERIES: TS2694
MODELLING SERIES: TS2695
MODELLING SERIES: TS2696
MODELLING SERIES: TS2697
MODELLING SERIES: TS2698
MODELLING SERIES: TS2699
MODELLING SERIES: TS2700
MODELLING SERIES: TS2701
MODELLING SERIES: TS2702
MODELLING SERIES: TS2703
MODELLING SERIES: TS2704
MODELLING SERIES: TS2705
MODELLING SERIES: TS2706
MODELLING SERIES: TS2707
MODELLING SERIES: TS2708
MODELLING SERIES: TS2709
MODELLING SERIES: TS2710
MODELLING SERIES: TS2711
MODELLING SERIES: TS2712
MODELLING SERIES: TS2713
MODELLING SERIES: TS2714
MODELLING SERIES: TS2715
MODELLING SERIES: TS2716
MODELLING SERIES: TS2717
MODELLING SERIES: TS2718
MODELLING SERIES: TS2719
MODELLING SERIES: TS2720
MODELLING SERIES: TS2721
MODELLING SERIES: TS2722
MODELLING SERIES: TS2723
MODELLING SERIES: TS2724
MODELLING SERIES: TS2725
MODELLING SERIES: TS2726
MODELLING SERIES: TS2727
MODELLING SERIES: TS2728
MODELLING SERIES: TS2729
MODELLING SERIES: TS2730
MODELLING SERIES: TS2731
MODELLING SERIES: TS2732
MODELLING SERIES: TS2733
MODELLING SERIES: TS2734
MODELLING SERIES: TS2735
MODELLING SERIES: TS2736
MODELLING SERIES: TS2737
MODELLING SERIES: TS2738
MODELLING SERIES: TS2739
MODELLING SERIES: TS2740
MODELLING SERIES: TS2741
MODELLING SERIES: TS2742
MODELLING SERIES: TS2743
MODELLING SERIES: TS2744
MODELLING SERIES: TS2745
MODELLING SERIES: TS2746
MODELLING SERIES: TS2747
MODELLING SERIES: TS2748
MODELLING SERIES: TS2749
MODELLING SERIES: TS2750
MODELLING SERIES: TS2751
MODELLING SERIES: TS2752
MODELLING SERIES: TS2753
MODELLING SERIES: TS2754
MODELLING SERIES: TS2755
MODELLING SERIES: TS2756
MODELLING SERIES: TS2757
MODELLING SERIES: TS2758
MODELLING SERIES: TS2759
MODELLING SERIES: TS2760
MODELLING SERIES: TS2761
MODELLING SERIES: TS2762
MODELLING SERIES: TS2763
MODELLING SERIES: TS2764
MODELLING SERIES: TS2765
MODELLING SERIES: TS2766
MODELLING SERIES: TS2767
MODELLING SERIES: TS2768
MODELLING SERIES: TS2769
MODELLING SERIES: TS2770
MODELLING SERIES: TS2771
MODELLING SERIES: TS2772
MODELLING SERIES: TS2773
MODELLING SERIES: TS2774
MODELLING SERIES: TS2775
MODELLING SERIES: TS2776
MODELLING SERIES: TS2777
MODELLING SERIES: TS2778
MODELLING SERIES: TS2779
MODELLING SERIES: TS2780
MODELLING SERIES: TS2781
MODELLING SERIES: TS2782
MODELLING SERIES: TS2783
MODELLING SERIES: TS2784
MODELLING SERIES: TS2785
MODELLING SERIES: TS2786
MODELLING SERIES: TS2787
MODELLING SERIES: TS2788
MODELLING SERIES: TS2789
MODELLING SERIES: TS2790
MODELLING SERIES: TS2791
MODELLING SERIES: TS2792
MODELLING SERIES: TS2793
MODELLING SERIES: TS2794
MODELLING SERIES: TS2795
MODELLING SERIES: TS2796
MODELLING SERIES: TS2797
MODELLING SERIES: TS2798
MODELLING SERIES: TS2799
MODELLING SERIES: TS2800
MODELLING SERIES: TS2801
MODELLING SERIES: TS2802
MODELLING SERIES: TS2803
MODELLING SERIES: TS2804
MODELLING SERIES: TS2805
MODELLING SERIES: TS2806
MODELLING SERIES: TS2807
MODELLING SERIES: TS2808
MODELLING SERIES: TS2809
MODELLING SERIES: TS2810
MODELLING SERIES: TS2811
MODELLING SERIES: TS2812
MODELLING SERIES: TS2813
MODELLING SERIES: TS2814
MODELLING SERIES: TS2815
MODELLING SERIES: TS2816
MODELLING SERIES: TS2817
MODELLING SERIES: TS2818
MODELLING SERIES: TS2819
MODELLING SERIES: TS2820
MODELLING SERIES: TS2821
MODELLING SERIES: TS2822
MODELLING SERIES: TS2823
MODELLING SERIES: TS2824
MODELLING SERIES: TS2825
MODELLING SERIES: TS2826
MODELLING SERIES: TS2827
MODELLING SERIES: TS2828
MODELLING SERIES: TS2829
MODELLING SERIES: TS2830
MODELLING SERIES: TS2831
MODELLING SERIES: TS2832
MODELLING SERIES: TS2833
MODELLING SERIES: TS2834
MODELLING SERIES: TS2835
MODELLING SERIES: TS2836
MODELLING SERIES: TS2837
MODELLING SERIES: TS2838
MODELLING SERIES: TS2839
MODELLING SERIES: TS2840
MODELLING SERIES: TS2841
MODELLING SERIES: TS2842
MODELLING SERIES: TS2843
MODELLING SERIES: TS2844
MODELLING SERIES: TS2845
MODELLING SERIES: TS2846
MODELLING SERIES: TS2847
MODELLING SERIES: TS2848
MODELLING SERIES: TS2849
MODELLING SERIES: TS2850
MODELLING SERIES: TS2851
MODELLING SERIES: TS2852
MODELLING SERIES: TS2853
MODELLING SERIES: TS2854
MODELLING SERIES: TS2855
MODELLING SERIES: TS2856
MODELLING SERIES: TS2857
MODELLING SERIES: TS2858
MODELLING SERIES: TS2859
MODELLING SERIES: TS2860
MODELLING SERIES: TS2861
MODELLING SERIES: TS2862
MODELLING SERIES: TS2863
MODELLING SERIES: TS2864
MODELLING SERIES: TS2865
MODELLING SERIES: TS2866
MODELLING SERIES: TS2867
MODELLING SERIES: TS2868
MODELLING SERIES: TS2869
MODELLING SERIES: TS2870
MODELLING SERIES: TS2871
MODELLING SERIES: TS2872
MODELLING SERIES: TS2873
MODELLING SERIES: TS2874
MODELLING SERIES: TS2875
MODELLING SERIES: TS2876
MODELLING SERIES: TS2877
MODELLING SERIES: TS2878
MODELLING SERIES: TS2879
MODELLING SERIES: TS2880
MODELLING SERIES: TS2881
MODELLING SERIES: TS2882
MODELLING SERIES: TS2883
MODELLING SERIES: TS2884
MODELLING SERIES: TS2885
MODELLING SERIES: TS2886
MODELLING SERIES: TS2887
MODELLING SERIES: TS2888
MODELLING SERIES: TS2889
MODELLING SERIES: TS2890
MODELLING SERIES: TS2891
MODELLING SERIES: TS2892
MODELLING SERIES: TS2893
MODELLING SERIES: TS2894
MODELLING SERIES: TS2895
MODELLING SERIES: TS2896
MODELLING SERIES: TS2897
MODELLING SERIES: TS2898
MODELLING SERIES: TS2899
MODELLING SERIES: TS2900
MODELLING SERIES: TS2901
MODELLING SERIES: TS2902
MODELLING SERIES: TS2903
MODELLING SERIES: TS2904
MODELLING SERIES: TS2905
MODELLING SERIES: TS2906
MODELLING SERIES: TS2907
MODELLING SERIES: TS2908
MODELLING SERIES: TS2909
MODELLING SERIES: TS2910
MODELLING SERIES: TS2911
MODELLING SERIES: TS2912
MODELLING SERIES: TS2913
MODELLING SERIES: TS2914
MODELLING SERIES: TS2915
MODELLING SERIES: TS2916
MODELLING SERIES: TS2917
MODELLING SERIES: TS2918
MODELLING SERIES: TS2919
MODELLING SERIES: TS2920
MODELLING SERIES: TS2921
MODELLING SERIES: TS2922
MODELLING SERIES: TS2923
MODELLING SERIES: TS2924
MODELLING SERIES: TS2925
MODELLING SERIES: TS2926
MODELLING SERIES: TS2927
MODELLING SERIES: TS2928
MODELLING SERIES: TS2929
MODELLING SERIES: TS2930
MODELLING SERIES: TS2931
MODELLING SERIES: TS2932
MODELLING SERIES: TS2933
MODELLING SERIES: TS2934
MODELLING SERIES: TS2935
MODELLING SERIES: TS2936
MODELLING SERIES: TS2937
MODELLING SERIES: TS2938
MODELLING SERIES: TS2939
MODELLING SERIES: TS2940
MODELLING SERIES: TS2941
MODELLING SERIES: TS2942
MODELLING SERIES: TS2943
MODELLING SERIES: TS2944
MODELLING SERIES: TS2945
MODELLING SERIES: TS2946
MODELLING SERIES: TS2947
MODELLING SERIES: TS2948
MODELLING SERIES: TS2949
MODELLING SERIES: TS2950
MODELLING SERIES: TS2951
MODELLING SERIES: TS2952
MODELLING SERIES: TS2953
MODELLING SERIES: TS2954
MODELLING SERIES: TS2955
MODELLING SERIES: TS2956
MODELLING SERIES: TS2957
MODELLING SERIES: TS2958
MODELLING SERIES: TS2959
MODELLING SERIES: TS2960
MODELLING SERIES: TS2961
MODELLING SERIES: TS2962
MODELLING SERIES: TS2963
MODELLING SERIES: TS2964
MODELLING SERIES: TS2965
MODELLING SERIES: TS2966
MODELLING SERIES: TS2967
MODELLING SERIES: TS2968
MODELLING SERIES: TS2969
MODELLING SERIES: TS2970
MODELLING SERIES: TS2971
MODELLING SERIES: TS2972
MODELLING SERIES: TS2973
MODELLING SERIES: TS2974
MODELLING SERIES: TS2975
MODELLING SERIES: TS2976
MODELLING SERIES: TS2977
MODELLING SERIES: TS2978
MODELLING SERIES: TS2979
MODELLING SERIES: TS2980
MODELLING SERIES: TS2981
MODELLING SERIES: TS2982
MODELLING SERIES: TS2983
MODELLING SERIES: TS2984
MODELLING SERIES: TS2985
MODELLING SERIES: TS2986
MODELLING SERIES: TS2987
MODELLING SERIES: TS2988
MODELLING SERIES: TS2989
MODELLING SERIES: TS2990
MODELLING SERIES: TS2991
MODELLING SERIES: TS2992
MODELLING SERIES: TS2993
MODELLING SERIES: TS2994
MODELLING SERIES: TS2995
MODELLING SERIES: TS2996
MODELLING SERIES: TS2997
MODELLING SERIES: TS2998
MODELLING SERIES: TS2999
MODELLING SERIES: TS3000
MODELLING SERIES: TS3001
MODELLING SERIES: TS3002
MODELLING SERIES: TS3003
MODELLING SERIES: TS3004
MODELLING SERIES: TS3005
MODELLING SERIES: TS3006
MODELLING SERIES: TS3007
MODELLING SERIES: TS3008
MODELLING SERIES: TS3009
MODELLING SERIES: TS3010
MODELLING SERIES: TS3011
MODELLING SERIES: TS3012
MODELLING SERIES: TS3013
MODELLING SERIES: TS3014
MODELLING SERIES: TS3015
MODELLING SERIES: TS3016
MODELLING SERIES: TS3017
MODELLING SERIES: TS3018
MODELLING SERIES: TS3019
MODELLING SERIES: TS3020
MODELLING SERIES: TS3021
MODELLING SERIES: TS3022
MODELLING SERIES: TS3023
MODELLING SERIES: TS3024
MODELLING SERIES: TS3025
MODELLING SERIES: TS3026
MODELLING SERIES: TS3027
MODELLING SERIES: TS3028
MODELLING SERIES: TS3029
MODELLING SERIES: TS3030
MODELLING SERIES: TS3031
MODELLING SERIES: TS3032
MODELLING SERIES: TS3033
MODELLING SERIES: TS3034
MODELLING SERIES: TS3035
MODELLING SERIES: TS3036
MODELLING SERIES: TS3037
MODELLING SERIES: TS3038
MODELLING SERIES: TS3039
MODELLING SERIES: TS3040
MODELLING SERIES: TS3041
MODELLING SERIES: TS3042
MODELLING SERIES: TS3043
MODELLING SERIES: TS3044
MODELLING SERIES: TS3045
MODELLING SERIES: TS3046
MODELLING SERIES: TS3047
MODELLING SERIES: TS3048
MODELLING SERIES: TS3049
MODELLING SERIES: TS3050
MODELLING SERIES: TS3051
MODELLING SERIES: TS3052
MODELLING SERIES: TS3053
MODELLING SERIES: TS3054
MODELLING SERIES: TS3055
MODELLING SERIES: TS3056
MODELLING SERIES: TS3057
MODELLING SERIES: TS3058
MODELLING SERIES: TS3059
MODELLING SERIES: TS3060
MODELLING SERIES: TS3061
MODELLING SERIES: TS3062
MODELLING SERIES: TS3063
MODELLING SERIES: TS3064
MODELLING SERIES: TS3065
MODELLING SERIES: TS3066
MODELLING SERIES: TS3067
MODELLING SERIES: TS3068
MODELLING SERIES: TS3069
MODELLING SERIES: TS3070
MODELLING SERIES: TS3071
MODELLING SERIES: TS3072
MODELLING SERIES: TS3073
MODELLING SERIES: TS3074
MODELLING SERIES: TS3075
MODELLING SERIES: TS3076
MODELLING SERIES: TS3077
MODELLING SERIES: TS3078
MODELLING SERIES: TS3079
MODELLING SERIES: TS3080
MODELLING SERIES: TS3081
MODELLING SERIES: TS3082
MODELLING SERIES: TS3083
MODELLING SERIES: TS3084
MODELLING SERIES: TS3085
MODELLING SERIES: TS3086
MODELLING SERIES: TS3087
MODELLING SERIES: TS3088
MODELLING SERIES: TS3089
MODELLING SERIES: TS3090
MODELLING SERIES: TS3091
MODELLING SERIES: TS3092
MODELLING SERIES: TS3093
MODELLING SERIES: TS3094
MODELLING SERIES: TS3095
MODELLING SERIES: TS3096
MODELLING SERIES: TS3097
MODELLING SERIES: TS3098
MODELLING SERIES: TS3099
MODELLING SERIES: TS3100
MODELLING SERIES: TS3101
MODELLING SERIES: TS3102
MODELLING SERIES: TS3103
MODELLING SERIES: TS3104
MODELLING SERIES: TS3105
MODELLING SERIES: TS3106
MODELLING SERIES: TS3107
MODELLING SERIES: TS3108
MODELLING SERIES: TS3109
MODELLING SERIES: TS3110
MODELLING SERIES: TS3111
MODELLING SERIES: TS3112
MODELLING SERIES: TS3113
MODELLING SERIES: TS3114
MODELLING SERIES: TS3115
MODELLING SERIES: TS3116
MODELLING SERIES: TS3117
MODELLING SERIES: TS3118
MODELLING SERIES: TS3119
MODELLING SERIES: TS3120
MODELLING SERIES: TS3121
MODELLING SERIES: TS3122
MODELLING SERIES: TS3123
MODELLING SERIES: TS3124
MODELLING SERIES: TS3125
MODELLING SERIES: TS3126
MODELLING SERIES: TS3127
MODELLING SERIES: TS3128
MODELLING SERIES: TS3129
MODELLING SERIES: TS3130
MODELLING SERIES: TS3131
MODELLING SERIES: TS3132
MODELLING SERIES: TS3133
MODELLING SERIES: TS3134
MODELLING SERIES: TS3135
MODELLING SERIES: TS3136
MODELLING SERIES: TS3137
MODELLING SERIES: TS3138
MODELLING SERIES: TS3139
MODELLING SERIES: TS3140
MODELLING SERIES: TS3141
MODELLING SERIES: TS3142
MODELLING SERIES: TS3143
MODELLING SERIES: TS3144
MODELLING SERIES: TS3145
MODELLING SERIES: TS3146
MODELLING SERIES: TS3147
MODELLING SERIES: TS3148
MODELLING SERIES: TS3149
MODELLING SERIES: TS3150
MODELLING SERIES: TS3151
MODELLING SERIES: TS3152
MODELLING SERIES: TS3153
MODELLING SERIES: TS3154
MODELLING SERIES: TS3155
MODELLING SERIES: TS3156
MODELLING SERIES: TS3157
MODELLING SERIES: TS3158
MODELLING SERIES: TS3159
MODELLING SERIES: TS3160
MODELLING SERIES: TS3161
MODELLING SERIES: TS3162
MODELLING SERIES: TS3163
MODELLING SERIES: TS3164
MODELLING SERIES: TS3165
MODELLING SERIES: TS3166
MODELLING SERIES: TS3167
MODELLING SERIES: TS3168
MODELLING SERIES: TS3169
MODELLING SERIES: TS3170
MODELLING SERIES: TS3171
MODELLING SERIES: TS3172
MODELLING SERIES: TS3173
MODELLING SERIES: TS3174
MODELLING SERIES: TS3175
MODELLING SERIES: TS3176
MODELLING SERIES: TS3177
MODELLING SERIES: TS3178
MODELLING SERIES: TS3179
MODELLING SERIES: TS3180
MODELLING SERIES: TS3181
MODELLING SERIES: TS3182
MODELLING SERIES: TS3183
MODELLING SERIES: TS3184
MODELLING SERIES: TS3185
MODELLING SERIES: TS3186
MODELLING SERIES: TS3187
MODELLING SERIES: TS3188
MODELLING SERIES: TS3189
MODELLING SERIES: TS3190
MODELLING SERIES: TS3191
MODELLING SERIES: TS3192
MODELLING SERIES: TS3193
MODELLING SERIES: TS3194
MODELLING SERIES: TS3195
MODELLING SERIES: TS3196
MODELLING SERIES: TS3197
MODELLING SERIES: TS3198
MODELLING SERIES: TS3199
MODELLING SERIES: TS3200
MODELLING SERIES: TS3201
MODELLING SERIES: TS3202
MODELLING SERIES: TS3203
MODELLING SERIES: TS3204
MODELLING SERIES: TS3205
MODELLING SERIES: TS3206
MODELLING SERIES: TS3207
MODELLING SERIES: TS3208
MODELLING SERIES: TS3209
MODELLING SERIES: TS3210
MODELLING SERIES: TS3211
MODELLING SERIES: TS3212
MODELLING SERIES: TS3213
MODELLING SERIES: TS3214
MODELLING SERIES: TS3215
MODELLING SERIES: TS3216
MODELLING SERIES: TS3217
MODELLING SERIES: TS3218
MODELLING SERIES: TS3219
MODELLING SERIES: TS3220
MODELLING SERIES: TS3221
MODELLING SERIES: TS3222
MODELLING SERIES: TS3223
MODELLING SERIES: TS3224
MODELLING SERIES: TS3225
MODELLING SERIES: TS3226
MODELLING SERIES: TS3227
MODELLING SERIES: TS3228
MODELLING SERIES: TS3229
MODELLING SERIES: TS3230
MODELLING SERIES: TS3231
MODELLING SERIES: TS3232
MODELLING SERIES: TS3233
MODELLING SERIES: TS3234
MODELLING SERIES: TS3235
MODELLING SERIES: TS3236
MODELLING SERIES: TS3237
MODELLING SERIES: TS3238
MODELLING SERIES: TS3239
MODELLING SERIES: TS3240
MODELLING SERIES: TS3241
MODELLING SERIES: TS3242
MODELLING SERIES: TS3243
MODELLING SERIES: TS3244
MODELLING SERIES: TS3245
MODELLING SERIES: TS3246
MODELLING SERIES: TS3247
MODELLING SERIES: TS3248
MODELLING SERIES: TS3249
MODELLING SERIES: TS3250
MODELLING SERIES: TS3251
MODELLING SERIES: TS3252
MODELLING SERIES: TS3253
MODELLING SERIES: TS3254
MODELLING SERIES: TS3255
MODELLING SERIES: TS3256
MODELLING SERIES: TS3257
MODELLING SERIES: TS3258
MODELLING SERIES: TS3259
MODELLING SERIES: TS3260
MODELLING SERIES: TS3261
MODELLING SERIES: TS3262
MODELLING SERIES: TS3263
MODELLING SERIES: TS3264
MODELLING SERIES: TS3265
MODELLING SERIES: TS3266
MODELLING SERIES: TS3267
MODELLING SERIES: TS3268
MODELLING SERIES: TS3269
MODELLING SERIES: TS3270
MODELLING SERIES: TS3271
MODELLING SERIES: TS3272
MODELLING SERIES: TS3273
MODELLING SERIES: TS3274
MODELLING SERIES: TS3275
MODELLING SERIES: TS3276
MODELLING SERIES: TS3277
MODELLING SERIES: TS3278
MODELLING SERIES: TS3279
MODELLING SERIES: TS3280
MODELLING SERIES: TS3281
MODELLING SERIES: TS3282
MODELLING SERIES: TS3283
MODELLING SERIES: TS3284
MODELLING SERIES: TS3285
MODELLING SERIES: TS3286
MODELLING SERIES: TS3287
MODELLING SERIES: TS3288
MODELLING SERIES: TS3289
MODELLING SERIES: TS3290
MODELLING SERIES: TS3291
MODELLING SERIES: TS3292
MODELLING SERIES: TS3293
MODELLING SERIES: TS3294
MODELLING SERIES: TS3295
MODELLING SERIES: TS3296
MODELLING SERIES: TS3297
MODELLING SERIES: TS3298
MODELLING SERIES: TS3299
MODELLING SERIES: TS3300
MODELLING SERIES: TS3301
MODELLING SERIES: TS3302
MODELLING SERIES: TS3303
MODELLING SERIES: TS3304
MODELLING SERIES: TS3305
MODELLING SERIES: TS3306
MODELLING SERIES: TS3307
MODELLING SERIES: TS3308
MODELLING SERIES: TS3309
MODELLING SERIES: TS3310
MODELLING SERIES: TS3311
MODELLING SERIES: TS3312
MODELLING SERIES: TS3313
MODELLING SERIES: TS3314
MODELLING SERIES: TS3315
MODELLING SERIES: TS3316
MODELLING SERIES: TS3317
MODELLING SERIES: TS3318
MODELLING SERIES: TS3319
MODELLING SERIES: TS3320
MODELLING SERIES: TS3321
MODELLING SERIES: TS3322
MODELLING SERIES: TS3323
MODELLING SERIES: TS3324
MODELLING SERIES: TS3325
MODELLING SERIES: TS3326
MODELLING SERIES: TS3327
MODELLING SERIES: TS3328
MODELLING SERIES: TS3329
MODELLING SERIES: TS3330
MODELLING SERIES: TS3331
MODELLING SERIES: TS3332
MODELLING SERIES: TS3333
MODELLING SERIES: TS3334
MODELLING SERIES: TS3335
MODELLING SERIES: TS3336
MODELLING SERIES: TS3337
MODELLING SERIES: TS3338
MODELLING SERIES: TS3339
MODELLING SERIES: TS3340
MODELLING SERIES: TS3341
MODELLING SERIES: TS3342
MODELLING SERIES: TS3343
MODELLING SERIES: TS3344
MODELLING SERIES: TS3345
MODELLING SERIES: TS3346
MODELLING SERIES: TS3347
MODELLING SERIES: TS3348
MODELLING SERIES: TS3349
MODELLING SERIES: TS3350
MODELLING SERIES: TS3351
MODELLING SERIES: TS3352
MODELLING SERIES: TS3353
MODELLING SERIES: TS3354
MODELLING SERIES: TS3355
MODELLING SERIES: TS3356
MODELLING SERIES: TS3357
MODELLING SERIES: TS3358
MODELLING SERIES: TS3359
MODELLING SERIES: TS3360
MODELLING SERIES: TS3361
MODELLING SERIES: TS3362
MODELLING SERIES: TS3363
MODELLING SERIES: TS3364
MODELLING SERIES: TS3365
MODELLING SERIES: TS3366
MODELLING SERIES: TS3367
MODELLING SERIES: TS3368
MODELLING SERIES: TS3369
MODELLING SERIES: TS3370
MODELLING SERIES: TS3371
MODELLING SERIES: TS3372
MODELLING SERIES: TS3373
MODELLING SERIES: TS3374
MODELLING SERIES: TS3375
MODELLING SERIES: TS3376
MODELLING SERIES: TS3377
MODELLING SERIES: TS3378
MODELLING SERIES: TS3379
MODELLING SERIES: TS3380
MODELLING SERIES: TS3381
MODELLING SERIES: TS3382
MODELLING SERIES: TS3383
MODELLING SERIES: TS3384
MODELLING SERIES: TS3385
MODELLING SERIES: TS3386
MODELLING SERIES: TS3387
MODELLING SERIES: TS3388
MODELLING SERIES: TS3389
MODELLING SERIES: TS3390
MODELLING SERIES: TS3391
MODELLING SERIES: TS3392
MODELLING SERIES: TS3393
MODELLING SERIES: TS3394
MODELLING SERIES: TS3395
MODELLING SERIES: TS3396
MODELLING SERIES: TS3397
MODELLING SERIES: TS3398
MODELLING SERIES: TS3399
MODELLING SERIES: TS3400
MODELLING SERIES: TS3401
MODELLING SERIES: TS3402
MODELLING SERIES: TS3403
MODELLING SERIES: TS3404
MODELLING SERIES: TS3405
MODELLING SERIES: TS3406
MODELLING SERIES: TS3407
MODELLING SERIES: TS3408
MODELLING SERIES: TS3409
MODELLING SERIES: TS3410
MODELLING SERIES: TS3411
MODELLING SERIES: TS3412
MODELLING SERIES: TS3413
MODELLING SERIES: TS3414
MODELLING SERIES: TS3415
MODELLING SERIES: TS3416
MODELLING SERIES: TS3417
MODELLING SERIES: TS3418
MODELLING SERIES: TS3419
MODELLING SERIES: TS3420
MODELLING SERIES: TS3421
MODELLING SERIES: TS3422
MODELLING SERIES: TS3423
MODELLING SERIES: TS3424
MODELLING SERIES: TS3425
MODELLING SERIES: TS3426
MODELLING SERIES: TS3427
MODELLING SERIES: TS3428
MODELLING SERIES: TS3429
MODELLING SERIES: TS3430
MODELLING SERIES: TS3431
MODELLING SERIES: TS3432
MODELLING SERIES: TS3433
MODELLING SERIES: TS3434
MODELLING SERIES: TS3435
MODELLING SERIES: TS3436
MODELLING SERIES: TS3437
MODELLING SERIES: TS3438
MODELLING SERIES: TS3439
MODELLING SERIES: TS3440
MODELLING SERIES: TS3441
MODELLING SERIES: TS3442
MODELLING SERIES: TS3443
MODELLING SERIES: TS3444
MODELLING SERIES: TS3445
MODELLING SERIES: TS3446
MODELLING SERIES: TS3447
MODELLING SERIES: TS3448
MODELLING SERIES: TS3449
MODELLING SERIES: TS3450
MODELLING SERIES: TS3451
MODELLING SERIES: TS3452
MODELLING SERIES: TS3453
MODELLING SERIES: TS3454
MODELLING SERIES: TS3455
MODELLING SERIES: TS3456
MODELLING SERIES: TS3457
MODELLING SERIES: TS3458
MODELLING SERIES: TS3459
MODELLING SERIES: TS3460
MODELLING SERIES: TS3461
MODELLING SERIES: TS3462
MODELLING SERIES: TS3463
MODELLING SERIES: TS3464
MODELLING SERIES: TS3465
MODELLING SERIES: TS3466
MODELLING SERIES: TS3467
MODELLING SERIES: TS3468
MODELLING SERIES: TS3469
MODELLING SERIES: TS3470
MODELLING SERIES: TS3471
MODELLING SERIES: TS3472
MODELLING SERIES: TS3473
MODELLING SERIES: TS3474
MODELLING SERIES: TS3475
MODELLING SERIES: TS3476
MODELLING SERIES: TS3477
MODELLING SERIES: TS3478
MODELLING SERIES: TS3479
MODELLING SERIES: TS3480
MODELLING SERIES: TS3481
MODELLING SERIES: TS3482
MODELLING SERIES: TS3483
MODELLING SERIES: TS3484
MODELLING SERIES: TS3485
MODELLING SERIES: TS3486
MODELLING SERIES: TS3487
MODELLING SERIES: TS3488
MODELLING SERIES: TS3489
MODELLING SERIES: TS3490
MODELLING SERIES: TS3491
MODELLING SERIES: TS3492
MODELLING SERIES: TS3493
MODELLING SERIES: TS3494
MODELLING SERIES: TS3495
MODELLING SERIES: TS3496
MODELLING SERIES: TS3497
MODELLING SERIES: TS3498
MODELLING SERIES: TS3499
MODELLING SERIES: TS3500
MODELLING SERIES: TS3501
MODELLING SERIES: TS3502
MODELLING SERIES: TS3503
MODELLING SERIES: TS3504
MODELLING SERIES: TS3505
MODELLING SERIES: TS3506
MODELLING SERIES: TS3507
MODELLING SERIES: TS3508
MODELLING SERIES: TS3509
MODELLING SERIES: TS3510
MODELLING SERIES: TS3511
MODELLING SERIES: TS3512
MODELLING SERIES: TS3513
MODELLING SERIES: TS3514
MODELLING SERIES: TS3515
MODELLING SERIES: TS3516
MODELLING SERIES: TS3517
MODELLING SERIES: TS3518
MODELLING SERIES: TS3519
MODELLING SERIES: TS3520
MODELLING SERIES: TS3521
MODELLING SERIES: TS3522
MODELLING SERIES: TS3523
MODELLING SERIES: TS3524
MODELLING SERIES: TS3525
MODELLING SERIES: TS3526
MODELLING SERIES: TS3527
MODELLING SERIES: TS3528
MODELLING SERIES: TS3529
MODELLING SERIES: TS3530
MODELLING SERIES: TS3531
MODELLING SERIES: TS3532
MODELLING SERIES: TS3533
MODELLING SERIES: TS3534
MODELLING SERIES: TS3535
MODELLING SERIES: TS3536
MODELLING SERIES: TS3537
MODELLING SERIES: TS3538
MODELLING SERIES: TS3539
MODELLING SERIES: TS3540
MODELLING SERIES: TS3541
MODELLING SERIES: TS3542
MODELLING SERIES: TS3543
MODELLING SERIES: TS3544
MODELLING SERIES: TS3545
MODELLING SERIES: TS3546
MODELLING SERIES: TS3547
MODELLING SERIES: TS3548
MODELLING SERIES: TS3549
MODELLING SERIES: TS3550
MODELLING SERIES: TS3551
MODELLING SERIES: TS3552
MODELLING SERIES: TS3553
MODELLING SERIES: TS3554
MODELLING SERIES: TS3555
MODELLING SERIES: TS3556
MODELLING SERIES: TS3557
MODELLING SERIES: TS3558
MODELLING SERIES: TS3559
MODELLING SERIES: TS3560
MODELLING SERIES: TS3561
MODELLING SERIES: TS3562
MODELLING SERIES: TS3563
MODELLING SERIES: TS3564
MODELLING SERIES: TS3565
MODELLING SERIES: TS3566
MODELLING SERIES: TS3567
MODELLING SERIES: TS3568
MODELLING SERIES: TS3569
MODELLING SERIES: TS3570
MODELLING SERIES: TS3571
MODELLING SERIES: TS3572
MODELLING SERIES: TS3573
MODELLING SERIES: TS3574
MODELLING SERIES: TS3575
MODELLING SERIES: TS3576
MODELLING SERIES: TS3577
MODELLING SERIES: TS3578
MODELLING SERIES: TS3579
MODELLING SERIES: TS3580
MODELLING SERIES: TS3581
MODELLING SERIES: TS3582
MODELLING SERIES: TS3583
MODELLING SERIES: TS3584
MODELLING SERIES: TS3585
MODELLING SERIES: TS3586
MODELLING SERIES: TS3587
MODELLING SERIES: TS3588
MODELLING SERIES: TS3589
MODELLING SERIES: TS3590
MODELLING SERIES: TS3591
MODELLING SERIES: TS3592
MODELLING SERIES: TS3593
MODELLING SERIES: TS3594
MODELLING SERIES: TS3595
MODELLING SERIES: TS3596
MODELLING SERIES: TS3597
MODELLING SERIES: TS3598
MODELLING SERIES: TS3599
MODELLING SERIES: TS3600
MODELLING SERIES: TS3601
MODELLING SERIES: TS3602
MODELLING SERIES: TS3603
MODELLING SERIES: TS3604
MODELLING SERIES: TS3605
MODELLING SERIES: TS3606
MODELLING SERIES: TS3607
MODELLING SERIES: TS3608
MODELLING SERIES: TS3609
MODELLING SERIES: TS3610
MODELLING SERIES: TS3611
MODELLING SERIES: TS3612
MODELLING SERIES: TS3613
MODELLING SERIES: TS3614
MODELLING SERIES: TS3615
MODELLING SERIES: TS3616
MODELLING SERIES: TS3617
MODELLING SERIES: TS3618
MODELLING SERIES: TS3619
MODELLING SERIES: TS3620
MODELLING SERIES: TS3621
MODELLING SERIES: TS3622
MODELLING SERIES: TS3623
MODELLING SERIES: TS3624
MODELLING SERIES: TS3625
MODELLING SERIES: TS3626
MODELLING SERIES: TS3627
MODELLING SERIES: TS3628
MODELLING SERIES: TS3629
MODELLING SERIES: TS3630
MODELLING SERIES: TS3631
MODELLING SERIES: TS3632
MODELLING SERIES: TS3633
MODELLING SERIES: TS3634
MODELLING SERIES: TS3635
MODELLING SERIES: TS3636
MODELLING SERIES: TS3637
MODELLING SERIES: TS3638
MODELLING SERIES: TS3639
MODELLING SERIES: TS3640
MODELLING SERIES: TS3641
MODELLING SERIES: TS3642
MODELLING SERIES: TS3643
MODELLING SERIES: TS3644
MODELLING SERIES: TS3645
MODELLING SERIES: TS3646
MODELLING SERIES: TS3647
MODELLING SERIES: TS3648
MODELLING SERIES: TS3649
MODELLING SERIES: TS3650
MODELLING SERIES: TS3651
MODELLING SERIES: TS3652
MODELLING SERIES: TS3653
MODELLING SERIES: TS3654
MODELLING SERIES: TS3655
MODELLING SERIES: TS3656
MODELLING SERIES: TS3657
MODELLING SERIES: TS3658
MODELLING SERIES: TS3659
MODELLING SERIES: TS3660
MODELLING SERIES: TS3661
MODELLING SERIES: TS3662
MODELLING SERIES: TS3663
MODELLING SERIES: TS3664
MODELLING SERIES: TS3665
MODELLING SERIES: TS3666
MODELLING SERIES: TS3667
MODELLING SERIES: TS3668
MODELLING SERIES: TS3669
MODELLING SERIES: TS3670
MODELLING SERIES: TS3671
MODELLING SERIES: TS3672
MODELLING SERIES: TS3673
MODELLING SERIES: TS3674
MODELLING SERIES: TS3675
MODELLING SERIES: TS3676
MODELLING SERIES: TS3677
MODELLING SERIES: TS3678
MODELLING SERIES: TS3679
MODELLING SERIES: TS3680
MODELLING SERIES: TS3681
MODELLING SERIES: TS3682
MODELLING SERIES: TS3683
MODELLING SERIES: TS3684
MODELLING SERIES: TS3685
MODELLING SERIES: TS3686
MODELLING SERIES: TS3687
MODELLING SERIES: TS3688
MODELLING SERIES: TS3689
MODELLING SERIES: TS3690
MODELLING SERIES: TS3691
MODELLING SERIES: TS3692
MODELLING SERIES: TS3693
MODELLING SERIES: TS3694
MODELLING SERIES: TS3695
MODELLING SERIES: TS3696
MODELLING SERIES: TS3697
MODELLING SERIES: TS3698
MODELLING SERIES: TS3699
MODELLING SERIES: TS3700
MODELLING SERIES: TS3701
MODELLING SERIES: TS3702
MODELLING SERIES: TS3703
MODELLING SERIES: TS3704
MODELLING SERIES: TS3705
MODELLING SERIES: TS3706
MODELLING SERIES: TS3707
MODELLING SERIES: TS3708
MODELLING SERIES: TS3709
MODELLING SERIES: TS3710
MODELLING SERIES: TS3711
MODELLING SERIES: TS3712
MODELLING SERIES: TS3713
MODELLING SERIES: TS3714
MODELLING SERIES: TS3715
MODELLING SERIES: TS3716
MODELLING SERIES: TS3717
MODELLING SERIES: TS3718
MODELLING SERIES: TS3719
MODELLING SERIES: TS3720
MODELLING SERIES: TS3721
MODELLING SERIES: TS3722
MODELLING SERIES: TS3723
MODELLING SERIES: TS3724
MODELLING SERIES: TS3725
MODELLING SERIES: TS3726
MODELLING SERIES: TS3727
MODELLING SERIES: TS3728
MODELLING SERIES: TS3729
MODELLING SERIES: TS3730
MODELLING SERIES: TS3731
MODELLING SERIES: TS3732
MODELLING SERIES: TS3733
MODELLING SERIES: TS3734
MODELLING SERIES: TS3735
MODELLING SERIES: TS3736
MODELLING SERIES: TS3737
MODELLING SERIES: TS3738
MODELLING SERIES: TS3739
MODELLING SERIES: TS3740
MODELLING SERIES: TS3741
MODELLING SERIES: TS3742
MODELLING SERIES: TS3743
MODELLING SERIES: TS3744
MODELLING SERIES: TS3745
MODELLING SERIES: TS3746
MODELLING SERIES: TS3747
MODELLING SERIES: TS3748
MODELLING SERIES: TS3749
MODELLING SERIES: TS3750
MODELLING SERIES: TS3751
MODELLING SERIES: TS3752
MODELLING SERIES: TS3753
MODELLING SERIES: TS3754
MODELLING SERIES: TS3755
MODELLING SERIES: TS3756
MODELLING SERIES: TS3757
MODELLING SERIES: TS3758
MODELLING SERIES: TS3759
MODELLING SERIES: TS3760
MODELLING SERIES: TS3761
MODELLING SERIES: TS3762
MODELLING SERIES: TS3763
MODELLING SERIES: TS3764
MODELLING SERIES: TS3765
MODELLING SERIES: TS3766
MODELLING SERIES: TS3767
MODELLING SERIES: TS3768
MODELLING SERIES: TS3769
MODELLING SERIES: TS3770
MODELLING SERIES: TS3771
MODELLING SERIES: TS3772
MODELLING SERIES: TS3773
MODELLING SERIES: TS3774
MODELLING SERIES: TS3775
MODELLING SERIES: TS3776
MODELLING SERIES: TS3777
MODELLING SERIES: TS3778
MODELLING SERIES: TS3779
MODELLING SERIES: TS3780
MODELLING SERIES: TS3781
MODELLING SERIES: TS3782
MODELLING SERIES: TS3783
MODELLING SERIES: TS3784
MODELLING SERIES: TS3785
MODELLING SERIES: TS3786
MODELLING SERIES: TS3787
MODELLING SERIES: TS3788
MODELLING SERIES: TS3789
MODELLING SERIES: TS3790
MODELLING SERIES: TS3791
MODELLING SERIES: TS3792
MODELLING SERIES: TS3793
MODELLING SERIES: TS3794
MODELLING SERIES: TS3795
MODELLING SERIES: TS3796
MODELLING SERIES: TS3797
MODELLING SERIES: TS3798
MODELLING SERIES: TS3799
MODELLING SERIES: TS3800
MODELLING SERIES: TS3801
MODELLING SERIES: TS3802
MODELLING SERIES: TS3803
MODELLING SERIES: TS3804
MODELLING SERIES: TS3805
MODELLING SERIES: TS3806
MODELLING SERIES: TS3807
MODELLING SERIES: TS3808
MODELLING SERIES: TS3809
MODELLING SERIES: TS3810
MODELLING SERIES: TS3811
MODELLING SERIES: TS3812
MODELLING SERIES: TS3813
MODELLING SERIES: TS3814
MODELLING SERIES: TS3815
MODELLING SERIES: TS3816
MODELLING SERIES: TS3817
MODELLING SERIES: TS3818
MODELLING SERIES: TS3819
MODELLING SERIES: TS3820
MODELLING SERIES: TS3821
MODELLING SERIES: TS3822
MODELLING SERIES: TS3823
MODELLING SERIES: TS3824
MODELLING SERIES: TS3825
MODELLING SERIES: TS3826
MODELLING SERIES: TS3827
MODELLING SERIES: TS3828
MODELLING SERIES: TS3829
MODELLING SERIES: TS3830
MODELLING SERIES: TS3831
MODELLING SERIES: TS3832
MODELLING SERIES: TS3833
MODELLING SERIES: TS3834
MODELLING SERIES: TS3835
MODELLING SERIES: TS3836
MODELLING SERIES: TS3837
MODELLING SERIES: TS3838
MODELLING SERIES: TS3839
MODELLING SERIES: TS3840
MODELLING SERIES: TS3841
MODELLING SERIES: TS3842
MODELLING SERIES: TS3843
MODELLING SERIES: TS3844
MODELLING SERIES: TS3845
MODELLING SERIES: TS3846
MODELLING SERIES: TS3847
MODELLING SERIES: TS3848
MODELLING SERIES: TS3849
MODELLING SERIES: TS3850
MODELLING SERIES: TS3851
MODELLING SERIES: TS3852
MODELLING SERIES: TS3853
MODELLING SERIES: TS3854
MODELLING SERIES: TS3855
MODELLING SERIES: TS3856
MODELLING SERIES: TS3857
MODELLING SERIES: TS3858
MODELLING SERIES: TS3859
MODELLING SERIES: TS3860
MODELLING SERIES: TS3861
MODELLING SERIES: TS3862
MODELLING SERIES: TS3863
MODELLING SERIES: TS3864
MODELLING SERIES: TS3865
MODELLING SERIES: TS3866
MODELLING SERIES: TS3867
MODELLING SERIES: TS3868
MODELLING SERIES: TS3869
MODELLING SERIES: TS3870
MODELLING SERIES: TS3871
MODELLING SERIES: TS3872
MODELLING SERIES: TS3873
MODELLING SERIES: TS3874
MODELLING SERIES: TS3875
MODELLING SERIES: TS3876
MODELLING SERIES: TS3877
MODELLING SERIES: TS3878
MODELLING SERIES: TS3879
MODELLING SERIES: TS3880
MODELLING SERIES: TS3881
MODELLING SERIES: TS3882
MODELLING SERIES: TS3883
MODELLING SERIES: TS3884
MODELLING SERIES: TS3885
MODELLING SERIES: TS3886
MODELLING SERIES: TS3887
MODELLING SERIES: TS3888
MODELLING SERIES: TS3889
MODELLING SERIES: TS3890
MODELLING SERIES: TS3891
MODELLING SERIES: TS3892
MODELLING SERIES: TS3893
MODELLING SERIES: TS3894
MODELLING SERIES: TS3895
MODELLING SERIES: TS3896
MODELLING SERIES: TS3897
MODELLING SERIES: TS3898
MODELLING SERIES: TS3899
MODELLING SERIES: TS3900
MODELLING SERIES: TS3901
MODELLING SERIES: TS3902
MODELLING SERIES: TS3903
MODELLING SERIES: TS3904
MODELLING SERIES: TS3905
MODELLING SERIES: TS3906
MODELLING SERIES: TS3907
MODELLING SERIES: TS3908
MODELLING SERIES: TS3909
MODELLING SERIES: TS3910
MODELLING SERIES: TS3911
MODELLING SERIES: TS3912
MODELLING SERIES: TS3913
MODELLING SERIES: TS3914
MODELLING SERIES: TS3915
MODELLING SERIES: TS3916
MODELLING SERIES: TS3917
MODELLING SERIES: TS3918
MODELLING SERIES: TS3919
MODELLING SERIES: TS3920
MODELLING SERIES: TS3921
MODELLING SERIES: TS3922
MODELLING SERIES: TS3923
MODELLING SERIES: TS3924
MODELLING SERIES: TS3925
MODELLING SERIES: TS3926
MODELLING SERIES: TS3927
MODELLING SERIES: TS3928
MODELLING SERIES: TS3929
MODELLING SERIES: TS3930
MODELLING SERIES: TS3931
MODELLING SERIES: TS3932
MODELLING SERIES: TS3933
MODELLING SERIES: TS3934
MODELLING SERIES: TS3935
MODELLING SERIES: TS3936
MODELLING SERIES: TS3937
MODELLING SERIES: TS3938
MODELLING SERIES: TS3939
MODELLING SERIES: TS3940
MODELLING SERIES: TS3941
MODELLING SERIES: TS3942
MODELLING SERIES: TS3943
MODELLING SERIES: TS3944
MODELLING SERIES: TS3945
MODELLING SERIES: TS3946
MODELLING SERIES: TS3947
MODELLING SERIES: TS3948
MODELLING SERIES: TS3949
MODELLING SERIES: TS3950
MODELLING SERIES: TS3951
MODELLING SERIES: TS3952
MODELLING SERIES: TS3953
MODELLING SERIES: TS3954
MODELLING SERIES: TS3955
MODELLING SERIES: TS3956
MODELLING SERIES: TS3957
MODELLING SERIES: TS3958
MODELLING SERIES: TS3959
MODELLING SERIES: TS3960
MODELLING SERIES: TS3961
MODELLING SERIES: TS3962
MODELLING SERIES: TS3963
MODELLING SERIES: TS3964
MODELLING SERIES: TS3965
MODELLING SERIES: TS3966
MODELLING SERIES: TS3967
MODELLING SERIES: TS3968
MODELLING SERIES: TS3969
MODELLING SERIES: TS3970
MODELLING SERIES: TS3971
MODELLING SERIES: TS3972
MODELLING SERIES: TS3973
MODELLING SERIES: TS3974
MODELLING SERIES: TS3975
MODELLING SERIES: TS3976
MODELLING SERIES: TS3977
MODELLING SERIES: TS3978
MODELLING SERIES: TS3979
MODELLING SERIES: TS3980
MODELLING SERIES: TS3981
MODELLING SERIES: TS3982
MODELLING SERIES: TS3983
MODELLING SERIES: TS3984
MODELLING SERIES: TS3985
MODELLING SERIES: TS3986
MODELLING SERIES: TS3987
MODELLING SERIES: TS3988
MODELLING SERIES: TS3989
MODELLING SERIES: TS3990
MODELLING SERIES: TS3991
MODELLING SERIES: TS3992
MODELLING SERIES: TS3993
MODELLING SERIES: TS3994
MODELLING SERIES: TS3995
MODELLING SERIES: TS3996
MODELLING SERIES: TS3997
MODELLING SERIES: TS3998
MODELLING SERIES: TS3999
MODELLING SERIES: TS4000
MODELLING SERIES: TS4001
MODELLING SERIES: TS4002
MODELLING SERIES: TS4003
MODELLING SERIES: TS4004
MODELLING SERIES: TS4005
MODELLING SERIES: TS4006
MODELLING SERIES: TS4007
MODELLING SERIES: TS4008
MODELLING SERIES: TS4009
MODELLING SERIES: TS4010
MODELLING SERIES: TS4011
MODELLING SERIES: TS4012
MODELLING SERIES: TS4013
MODELLING SERIES: TS4014
MODELLING SERIES: TS4015
MODELLING SERIES: TS4016
MODELLING SERIES: TS4017
MODELLING SERIES: TS4018
MODELLING SERIES: TS4019
MODELLING SERIES: TS4020
MODELLING SERIES: TS4021
MODELLING SERIES: TS4022
MODELLING SERIES: TS4023
MODELLING SERIES: TS4024
MODELLING SERIES: TS4025
MODELLING SERIES: TS4026
MODELLING SERIES: TS4027
MODELLING SERIES: TS4028
MODELLING SERIES: TS4029
MODELLING SERIES: TS4030
MODELLING SERIES: TS4031
MODELLING SERIES: TS4032
MODELLING SERIES: TS4033
MODELLING SERIES: TS4034
MODELLING SERIES: TS4035
MODELLING SERIES: TS4036
MODELLING SERIES: TS4037
MODELLING SERIES: TS4038
MODELLING SERIES: TS4039
MODELLING SERIES: TS4040
MODELLING SERIES: TS4041
MODELLING SERIES: TS4042
MODELLING SERIES: TS4043
MODELLING SERIES: TS4044
MODELLING SERIES: TS4045
MODELLING SERIES: TS4046
MODELLING SERIES: TS4047
MODELLING SERIES: TS4048
MODELLING SERIES: TS4049
MODELLING SERIES: TS4050
MODELLING SERIES: TS4051
MODELLING SERIES: TS4052
MODELLING SERIES: TS4053
MODELLING SERIES: TS4054
MODELLING SERIES: TS4055
MODELLING SERIES: TS4056
MODELLING SERIES: TS4057
MODELLING SERIES: TS4058
MODELLING SERIES: TS4059
MODELLING SERIES: TS4060
MODELLING SERIES: TS4061
MODELLING SERIES: TS4062
MODELLING SERIES: TS4063
MODELLING SERIES: TS4064
MODELLING SERIES: TS4065
MODELLING SERIES: TS4066
MODELLING SERIES: TS4067
MODELLING SERIES: TS4068
MODELLING SERIES: TS4069
MODELLING SERIES: TS4070
MODELLING SERIES: TS4071
MODELLING SERIES: TS4072
MODELLING SERIES: TS4073
MODELLING SERIES: TS4074
MODELLING SERIES: TS4075
MODELLING SERIES: TS4076
MODELLING SERIES: TS4077
MODELLING SERIES: TS4078
MODELLING SERIES: TS4079
MODELLING SERIES: TS4080
MODELLING SERIES: TS4081
MODELLING SERIES: TS4082
MODELLING SERIES: TS4083
MODELLING SERIES: TS4084
MODELLING SERIES: TS4085
MODELLING SERIES: TS4086
MODELLING SERIES: TS4087
MODELLING SERIES: TS4088
MODELLING SERIES: TS4089
MODELLING SERIES: TS4090
MODELLING SERIES: TS4091
MODELLING SERIES: TS4092
MODELLING SERIES: TS4093
MODELLING SERIES: TS4094
MODELLING SERIES: TS4095
MODELLING SERIES: TS4096
MODELLING SERIES: TS4097
MODELLING SERIES: TS4098
Global
Local
TSER(SMOTE)
TSER(ADASYN)
TSER(BSMOTE)
TSER(NM)
Global          11.748146
Local           16.368605
TSER(SMOTE)     10.859658
TSER(ADASYN)    13.222676
TSER(BSMOTE)    13.821211
TSER(NM)        13.845288
Horizon         12.500000
dtype: float64
MODELLING SERIES: TS4099
MODELLING SERIES: TS4100
MODELLING SERIES: TS4101
MODELLING SERIES: TS4102
MODELLING SERIES: TS4103
MODELLING SERIES: TS4104
MODELLING SERIES: TS4105
MODELLING SERIES: TS4106
MODELLING SERIES: TS4107
MODELLING SERIES: TS4108
MODELLING SERIES: TS4109
MODELLING SERIES: TS4110
MODELLING SERIES: TS4111
MODELLING SERIES: TS4112
MODELLING SERIES: TS4113
MODELLING SERIES: TS4114
MODELLING SERIES: TS4115
MODELLING SERIES: TS4116
MODELLING SERIES: TS4117
MODELLING SERIES: TS4118
MODELLING SERIES: TS4119
MODELLING SERIES: TS4120
MODELLING SERIES: TS4121
MODELLING SERIES: TS4122
MODELLING SERIES: TS4123
MODELLING SERIES: TS4124
MODELLING SERIES: TS4125
MODELLING SERIES: TS4126
MODELLING SERIES: TS4127
MODELLING SERIES: TS4128
MODELLING SERIES: TS4129
MODELLING SERIES: TS4130
MODELLING SERIES: TS4131
MODELLING SERIES: TS4132
MODELLING SERIES: TS4133
MODELLING SERIES: TS4134
MODELLING SERIES: TS4135
MODELLING SERIES: TS4136
MODELLING SERIES: TS4137
MODELLING SERIES: TS4138
MODELLING SERIES: TS4139
MODELLING SERIES: TS4140
MODELLING SERIES: TS4141
MODELLING SERIES: TS4142
MODELLING SERIES: TS4143
MODELLING SERIES: TS4144
MODELLING SERIES: TS4145
MODELLING SERIES: TS4146
MODELLING SERIES: TS4147
MODELLING SERIES: TS4148
MODELLING SERIES: TS4149
MODELLING SERIES: TS4150
MODELLING SERIES: TS4151
MODELLING SERIES: TS4152
MODELLING SERIES: TS4153
MODELLING SERIES: TS4154
MODELLING SERIES: TS4155
MODELLING SERIES: TS4156
MODELLING SERIES: TS4157
MODELLING SERIES: TS4158
MODELLING SERIES: TS4159
MODELLING SERIES: TS4160
MODELLING SERIES: TS4161
MODELLING SERIES: TS4162
MODELLING SERIES: TS4163
MODELLING SERIES: TS4164
MODELLING SERIES: TS4165
MODELLING SERIES: TS4166
MODELLING SERIES: TS4167
MODELLING SERIES: TS4168
MODELLING SERIES: TS4169
MODELLING SERIES: TS4170
MODELLING SERIES: TS4171
MODELLING SERIES: TS4172
MODELLING SERIES: TS4173
MODELLING SERIES: TS4174
MODELLING SERIES: TS4175
MODELLING SERIES: TS4176
MODELLING SERIES: TS4177
MODELLING SERIES: TS4178
MODELLING SERIES: TS4179
MODELLING SERIES: TS4180
MODELLING SERIES: TS4181
MODELLING SERIES: TS4182
MODELLING SERIES: TS4183
MODELLING SERIES: TS4184
MODELLING SERIES: TS4185
MODELLING SERIES: TS4186
MODELLING SERIES: TS4187
MODELLING SERIES: TS4188
MODELLING SERIES: TS4189
MODELLING SERIES: TS4190
MODELLING SERIES: TS4191
MODELLING SERIES: TS4192
MODELLING SERIES: TS4193
MODELLING SERIES: TS4194
MODELLING SERIES: TS4195
MODELLING SERIES: TS4196
MODELLING SERIES: TS4197
MODELLING SERIES: TS4198
MODELLING SERIES: TS4199
MODELLING SERIES: TS4200
MODELLING SERIES: TS4201
MODELLING SERIES: TS4202
MODELLING SERIES: TS4203
MODELLING SERIES: TS4204
MODELLING SERIES: TS4205
MODELLING SERIES: TS4206
MODELLING SERIES: TS4207
MODELLING SERIES: TS4208
MODELLING SERIES: TS4209
MODELLING SERIES: TS4210
MODELLING SERIES: TS4211
MODELLING SERIES: TS4212
MODELLING SERIES: TS4213
MODELLING SERIES: TS4214
MODELLING SERIES: TS4215
MODELLING SERIES: TS4216
MODELLING SERIES: TS4217
MODELLING SERIES: TS4218
MODELLING SERIES: TS4219
MODELLING SERIES: TS4220
MODELLING SERIES: TS4221
MODELLING SERIES: TS4222
MODELLING SERIES: TS4223
MODELLING SERIES: TS4224
MODELLING SERIES: TS4225
MODELLING SERIES: TS4226
Running run_models_on_extra.py for m4_daily...
